"row","idstudy","translog"
1,135,0
2,135,0
3,135,0
4,135,0
5,135,0
6,135,0
7,135,0
8,135,0
9,135,0
10,135,0
11,135,0
12,135,0
13,135,0
14,135,0
15,135,0
16,135,0
17,135,0
18,135,0
19,135,0
20,135,0
21,135,0
22,135,0
23,135,0
24,135,0
25,135,0
26,135,0
27,135,0
28,135,0
29,135,0
30,135,0
31,135,0
32,135,0
33,135,0
34,135,0
35,135,0
36,135,0
37,135,0
38,135,0
39,135,0
40,134,0
41,134,0
42,134,0
43,134,0
44,134,0
45,134,0
46,134,0
47,134,0
48,134,0
49,134,0
50,134,0
51,134,0
52,134,0
53,134,0
54,134,0
55,134,0
56,134,0
57,134,0
58,134,0
59,134,0
60,134,0
61,134,0
62,134,0
63,134,0
64,134,0
65,134,0
66,134,0
67,134,0
68,134,0
69,134,0
70,134,0
71,134,0
72,134,0
73,134,0
74,134,0
75,134,0
76,134,0
77,134,0
78,134,0
79,134,0
80,134,0
81,134,0
82,134,0
83,134,0
84,134,0
85,134,0
86,134,0
87,134,0
88,134,0
89,134,0
90,134,0
91,134,0
92,134,0
93,134,0
94,134,0
95,134,0
96,134,0
97,134,0
98,134,0
99,134,0
100,134,0
101,134,0
102,134,0
103,134,0
104,134,0
105,134,0
106,134,0
107,134,0
108,134,0
109,134,0
110,134,0
111,134,0
112,134,0
113,134,0
114,134,0
115,134,0
116,134,0
117,134,0
118,134,0
119,134,0
120,134,0
121,134,0
122,134,0
123,134,0
124,134,0
125,134,0
126,134,0
127,134,0
128,134,0
129,134,0
130,134,0
131,134,0
132,134,0
133,134,0
134,134,0
135,134,0
136,134,0
137,134,0
138,134,0
139,134,0
140,134,0
141,134,0
142,134,0
143,134,0
144,134,0
145,134,0
146,134,0
147,134,0
148,134,0
149,134,0
150,134,0
151,134,0
152,134,0
153,134,0
154,134,0
155,134,0
156,134,0
157,134,0
158,134,0
159,134,0
160,134,0
161,134,0
162,134,0
163,134,0
164,134,0
165,134,0
166,134,0
167,134,0
168,134,0
169,134,0
170,134,0
171,134,0
172,134,0
173,134,0
174,134,0
175,134,0
176,134,0
177,134,0
178,134,0
179,134,0
180,134,0
181,134,0
182,134,0
183,134,0
184,134,0
185,134,0
186,134,0
187,134,0
188,134,0
189,134,0
190,134,0
191,134,0
192,134,0
193,134,0
194,134,0
195,134,0
196,134,0
197,134,0
198,134,0
199,134,0
200,134,0
201,134,0
202,134,0
203,134,0
204,134,0
205,134,0
206,134,0
207,134,0
208,134,0
209,134,0
210,134,0
211,134,0
212,134,0
213,134,0
214,134,0
215,134,0
216,134,0
217,134,0
218,134,0
219,134,0
220,134,0
221,134,0
222,134,0
223,134,0
224,134,0
225,134,0
226,134,0
227,134,0
228,134,0
229,134,0
230,134,0
231,134,0
232,134,0
233,134,0
234,134,0
235,134,0
236,134,0
237,134,0
238,134,0
239,134,0
240,134,0
241,134,0
242,134,0
243,134,0
244,134,0
245,134,0
246,134,0
247,134,0
248,134,0
249,134,0
250,134,0
251,134,0
252,134,0
253,134,0
254,134,0
255,134,0
256,134,0
257,134,0
258,134,0
259,134,0
260,134,0
261,134,0
262,134,0
263,134,0
264,134,0
265,134,0
266,134,0
267,134,0
268,134,0
269,134,0
270,134,0
271,134,0
272,134,0
273,134,0
274,134,0
275,134,0
276,134,0
277,134,0
278,134,0
279,134,0
280,134,0
281,134,0
282,134,0
283,134,0
284,134,0
285,134,0
286,134,0
287,134,0
288,134,0
289,134,0
290,134,0
291,134,0
292,134,0
293,134,0
294,134,0
295,134,0
296,134,0
297,134,0
298,134,0
299,134,0
300,134,0
301,134,0
302,134,0
303,134,0
304,134,0
305,134,0
306,134,0
307,134,0
308,134,0
309,134,0
310,134,0
311,134,0
312,134,0
313,134,0
314,134,0
315,134,0
316,134,0
317,134,0
318,134,0
319,134,0
320,134,0
321,134,0
322,134,0
323,134,0
324,134,0
325,134,0
326,134,0
327,134,0
328,134,0
329,134,0
330,132,1
331,132,1
332,132,1
333,132,1
334,132,1
335,132,1
336,132,1
337,132,1
338,132,1
339,132,1
340,132,1
341,132,1
342,132,1
343,130,0
344,130,0
345,129,0
346,129,0
347,129,0
348,129,0
349,129,0
350,129,0
351,129,0
352,129,0
353,129,0
354,129,0
355,129,0
356,129,0
357,129,0
358,129,0
359,129,0
360,129,0
361,129,0
362,129,0
363,129,0
364,128,0
365,128,0
366,128,0
367,128,0
368,128,0
369,128,0
370,128,0
371,128,0
372,128,0
373,128,0
374,125,0
375,125,0
376,125,0
377,125,0
378,125,0
379,125,0
380,125,0
381,125,0
382,125,0
383,124,0
384,124,0
385,124,0
386,124,0
387,124,0
388,124,0
389,124,0
390,124,0
391,124,0
392,124,0
393,124,0
394,124,0
395,124,0
396,124,0
397,124,0
398,124,0
399,124,0
400,124,0
401,124,0
402,123,0
403,123,0
404,123,0
405,123,0
406,123,0
407,123,0
408,123,0
409,123,0
410,123,0
411,123,0
412,123,0
413,123,0
414,123,0
415,123,0
416,123,0
417,123,0
418,123,0
419,123,0
420,123,0
421,123,0
422,123,0
423,123,0
424,123,0
425,123,0
426,123,0
427,123,0
428,123,0
429,123,0
430,123,0
431,123,0
432,123,0
433,123,0
434,123,0
435,123,0
436,123,0
437,123,0
438,123,0
439,123,0
440,123,0
441,123,0
442,123,0
443,123,0
444,123,0
445,123,0
446,123,0
447,123,0
448,123,0
449,123,0
450,123,0
451,123,0
452,123,0
453,123,0
454,123,0
455,123,0
456,123,0
457,123,0
458,123,0
459,123,0
460,123,0
461,123,0
462,123,0
463,123,0
464,123,0
465,123,0
466,123,0
467,123,0
468,123,0
469,123,0
470,123,0
471,123,0
472,123,0
473,123,0
474,123,0
475,123,0
476,123,0
477,123,0
478,123,0
479,123,0
480,123,0
481,123,0
482,123,0
483,123,0
484,123,0
485,123,0
486,123,0
487,123,0
488,123,0
489,123,0
490,123,0
491,123,0
492,123,0
493,123,0
494,123,0
495,123,0
496,123,0
497,123,0
498,123,0
499,123,0
500,123,0
501,123,0
502,123,0
503,123,0
504,123,0
505,123,0
506,123,0
507,123,0
508,123,0
509,123,0
510,123,0
511,123,0
512,123,0
513,123,0
514,123,0
515,123,0
516,123,0
517,123,0
518,123,0
519,123,0
520,123,0
521,123,0
522,123,0
523,123,0
524,123,0
525,123,0
526,123,0
527,123,0
528,123,0
529,123,0
530,123,0
531,123,0
532,123,0
533,123,0
534,123,0
535,123,0
536,123,0
537,123,0
538,123,0
539,123,0
540,123,0
541,123,0
542,123,0
543,123,0
544,123,0
545,123,0
546,123,0
547,122,0
548,122,0
549,122,0
550,122,0
551,122,0
552,122,0
553,122,0
554,122,0
555,122,0
556,122,0
557,122,0
558,122,0
559,122,0
560,122,0
561,122,0
562,122,0
563,122,0
564,122,0
565,122,0
566,122,0
567,122,0
568,122,0
569,122,0
570,122,0
571,122,0
572,122,0
573,122,0
574,122,0
575,122,0
576,122,0
577,122,0
578,122,0
579,122,0
580,122,0
581,122,0
582,122,0
583,122,0
584,122,0
585,122,0
586,122,0
587,122,0
588,122,0
589,122,0
590,122,0
591,122,0
592,122,0
593,122,0
594,122,0
595,122,0
596,122,0
597,122,0
598,122,0
599,122,0
600,122,0
601,122,0
602,122,0
603,122,0
604,122,0
605,122,0
606,122,0
607,122,0
608,122,0
609,122,0
610,122,0
611,122,0
612,122,0
613,122,0
614,122,0
615,122,0
616,122,0
617,122,0
618,122,0
619,122,0
620,122,0
621,122,0
622,122,0
623,122,0
624,122,0
625,122,0
626,122,0
627,122,0
628,122,0
629,122,0
630,122,0
631,122,0
632,122,0
633,122,0
634,122,0
635,122,0
636,122,0
637,122,0
638,122,0
639,122,0
640,122,0
641,122,0
642,122,0
643,122,0
644,122,0
645,122,0
646,122,0
647,122,0
648,122,0
649,122,0
650,122,0
651,122,0
652,122,0
653,122,0
654,122,0
655,122,0
656,122,0
657,122,0
658,122,0
659,122,0
660,122,0
661,121,0
662,121,0
663,121,0
664,121,0
665,121,0
666,121,0
667,121,0
668,121,0
669,121,0
670,121,0
671,121,0
672,121,0
673,121,0
674,121,0
675,121,0
676,121,0
677,121,0
678,121,0
679,121,0
680,121,0
681,121,0
682,121,0
683,121,0
684,121,0
685,121,0
686,121,0
687,121,0
688,121,0
689,121,0
690,121,0
691,121,0
692,121,0
693,121,0
694,121,0
695,121,0
696,121,0
697,121,0
698,121,0
699,121,0
700,121,0
701,121,0
702,121,0
703,121,0
704,121,0
705,121,0
706,121,0
707,121,0
708,121,0
709,121,0
710,121,0
711,121,0
712,121,0
713,121,0
714,121,0
715,121,0
716,121,0
717,121,0
718,121,0
719,121,0
720,121,0
721,121,0
722,121,0
723,121,0
724,121,0
725,121,0
726,121,0
727,121,0
728,121,0
729,121,0
730,121,0
731,121,0
732,121,0
733,121,0
734,121,0
735,121,0
736,121,0
737,121,0
738,121,0
739,121,0
740,121,0
741,121,0
742,121,0
743,121,0
744,121,0
745,121,0
746,121,0
747,121,0
748,121,0
749,121,0
750,121,0
751,121,0
752,121,0
753,121,0
754,121,0
755,121,0
756,121,0
757,121,0
758,121,0
759,121,0
760,120,0
761,120,0
762,120,0
763,120,0
764,120,0
765,120,0
766,120,0
767,120,0
768,120,0
769,120,0
770,120,0
771,120,0
772,120,0
773,120,0
774,120,0
775,120,0
776,120,0
777,120,0
778,120,0
779,120,0
780,120,0
781,120,0
782,120,0
783,120,0
784,120,0
785,120,0
786,120,0
787,120,0
788,120,0
789,120,0
790,120,0
791,120,0
792,120,0
793,120,0
794,120,0
795,120,0
796,120,0
797,120,0
798,120,0
799,120,0
800,120,0
801,119,0
802,118,0
803,118,0
804,118,0
805,118,0
806,118,0
807,118,0
808,117,0
809,117,0
810,117,0
811,117,0
812,117,0
813,117,0
814,117,0
815,117,0
816,117,0
817,117,0
818,117,0
819,117,0
820,117,0
821,117,0
822,117,0
823,117,0
824,115,0
825,115,0
826,115,0
827,115,0
828,115,0
829,115,0
830,115,0
831,115,0
832,115,0
833,115,0
834,115,0
835,115,0
836,115,0
837,114,0
838,114,0
839,113,1
840,112,0
841,112,0
842,112,0
843,112,0
844,112,0
845,112,0
846,112,0
847,112,0
848,112,0
849,112,0
850,112,0
851,112,0
852,112,0
853,112,0
854,112,0
855,112,0
856,112,0
857,112,0
858,112,0
859,112,0
860,112,0
861,112,0
862,111,0
863,111,0
864,111,0
865,111,0
866,111,0
867,111,0
868,111,0
869,111,0
870,111,0
871,111,0
872,111,0
873,111,0
874,111,0
875,111,0
876,111,0
877,111,0
878,111,0
879,111,0
880,111,0
881,111,0
882,111,0
883,111,0
884,111,0
885,111,0
886,111,0
887,111,0
888,111,0
889,111,0
890,111,0
891,111,0
892,111,0
893,111,0
894,111,0
895,111,0
896,111,0
897,111,0
898,111,0
899,111,0
900,111,0
901,111,0
902,111,0
903,111,0
904,111,0
905,111,0
906,111,0
907,111,0
908,111,0
909,111,0
910,111,0
911,111,0
912,111,0
913,111,0
914,111,0
915,111,0
916,111,0
917,111,0
918,111,0
919,111,0
920,111,0
921,111,0
922,111,0
923,111,0
924,111,0
925,111,0
926,111,0
927,111,0
928,111,0
929,111,0
930,111,0
931,111,0
932,111,0
933,111,0
934,111,0
935,110,0
936,110,0
937,110,0
938,110,0
939,110,0
940,110,0
941,109,1
942,109,1
943,109,1
944,109,1
945,109,1
946,109,1
947,109,1
948,109,1
949,109,1
950,108,1
951,108,1
952,107,0
953,102,0
954,102,0
955,102,0
956,102,0
957,102,0
958,102,0
959,102,0
960,102,0
961,102,0
962,102,0
963,102,0
964,102,0
965,102,0
966,102,0
967,102,0
968,102,0
969,102,0
970,102,0
971,103,0
972,103,0
973,103,0
974,103,0
975,103,0
976,103,0
977,103,0
978,103,0
979,103,0
980,103,0
981,103,0
982,103,0
983,103,0
984,103,0
985,103,0
986,103,0
987,103,0
988,103,0
989,105,1
990,105,1
991,105,1
992,105,1
993,105,1
994,105,1
995,105,1
996,104,0
997,104,0
998,104,0
999,104,0
1000,104,0
1001,104,0
1002,104,0
1003,104,0
1004,104,0
1005,104,0
1006,104,0
1007,104,0
1008,104,0
1009,104,0
1010,104,0
1011,104,0
1012,104,0
1013,104,0
1014,104,0
1015,104,0
1016,104,0
1017,104,0
1018,104,0
1019,104,0
1020,104,0
1021,104,0
1022,104,0
1023,101,1
1024,101,1
1025,101,1
1026,101,1
1027,101,1
1028,101,1
1029,101,1
1030,101,1
1031,101,1
1032,101,1
1033,101,1
1034,101,1
1035,101,1
1036,101,1
1037,101,1
1038,101,1
1039,100,1
1040,100,1
1041,100,1
1042,100,1
1043,100,1
1044,100,1
1045,100,1
1046,100,1
1047,100,1
1048,100,1
1049,100,1
1050,100,1
1051,100,1
1052,100,1
1053,99,0
1054,99,0
1055,99,0
1056,99,0
1057,99,0
1058,99,0
1059,99,0
1060,99,0
1061,99,0
1062,99,0
1063,99,0
1064,99,0
1065,99,0
1066,99,0
1067,99,0
1068,99,0
1069,99,0
1070,99,0
1071,99,0
1072,99,0
1073,99,0
1074,99,0
1075,99,0
1076,99,0
1077,99,0
1078,99,0
1079,99,0
1080,99,0
1081,98,0
1082,98,0
1083,98,0
1084,98,0
1085,98,0
1086,98,0
1087,98,0
1088,98,0
1089,98,0
1090,98,0
1091,98,0
1092,98,0
1093,98,0
1094,98,0
1095,98,0
1096,98,0
1097,98,0
1098,98,0
1099,98,0
1100,98,0
1101,96,1
1102,95,0
1103,95,0
1104,95,0
1105,95,0
1106,95,0
1107,95,0
1108,95,0
1109,95,0
1110,95,0
1111,95,0
1112,95,0
1113,95,0
1114,95,0
1115,95,0
1116,95,0
1117,95,0
1118,95,0
1119,95,0
1120,94,0
1121,90,0
1122,90,0
1123,90,0
1124,90,0
1125,90,0
1126,90,0
1127,90,0
1128,90,0
1129,90,0
1130,90,0
1131,90,0
1132,90,0
1133,90,0
1134,90,0
1135,90,0
1136,90,0
1137,90,0
1138,90,0
1139,90,0
1140,90,0
1141,90,0
1142,90,0
1143,90,0
1144,90,0
1145,90,0
1146,90,0
1147,90,0
1148,90,0
1149,90,0
1150,90,0
1151,90,0
1152,90,0
1153,90,0
1154,90,0
1155,90,0
1156,90,0
1157,90,0
1158,90,0
1159,90,0
1160,90,0
1161,90,0
1162,90,0
1163,90,0
1164,90,0
1165,90,0
1166,90,0
1167,90,0
1168,90,0
1169,90,0
1170,90,0
1171,90,0
1172,90,0
1173,90,0
1174,90,0
1175,90,0
1176,90,0
1177,90,0
1178,90,0
1179,90,0
1180,90,0
1181,90,0
1182,90,0
1183,90,0
1184,90,0
1185,90,0
1186,90,0
1187,90,0
1188,90,0
1189,90,0
1190,90,0
1191,90,0
1192,90,0
1193,90,0
1194,90,0
1195,90,0
1196,90,0
1197,90,0
1198,90,0
1199,90,0
1200,90,0
1201,90,0
1202,90,0
1203,90,0
1204,90,0
1205,90,0
1206,90,0
1207,90,0
1208,90,0
1209,90,0
1210,90,0
1211,91,1
1212,91,1
1213,91,1
1214,91,1
1215,91,1
1216,91,1
1217,91,1
1218,91,1
1219,91,1
1220,91,1
1221,91,1
1222,91,1
1223,92,0
1224,92,0
1225,92,0
1226,92,0
1227,92,0
1228,92,0
1229,92,0
1230,92,0
1231,92,0
1232,92,0
1233,92,0
1234,92,0
1235,92,0
1236,89,0
1237,89,0
1238,89,0
1239,89,0
1240,89,0
1241,89,0
1242,89,0
1243,88,0
1244,88,0
1245,88,0
1246,88,0
1247,88,0
1248,88,0
1249,88,0
1250,88,0
1251,88,0
1252,88,0
1253,88,0
1254,88,0
1255,88,0
1256,88,0
1257,88,0
1258,88,0
1259,88,0
1260,88,0
1261,88,0
1262,88,0
1263,88,0
1264,88,0
1265,88,0
1266,88,0
1267,88,0
1268,88,0
1269,88,0
1270,88,0
1271,88,0
1272,88,0
1273,88,0
1274,88,0
1275,88,0
1276,88,0
1277,88,0
1278,88,0
1279,88,0
1280,88,0
1281,88,0
1282,88,0
1283,88,0
1284,88,0
1285,88,0
1286,87,0
1287,87,0
1288,87,0
1289,86,0
1290,85,0
1291,85,0
1292,85,0
1293,85,0
1294,85,0
1295,85,0
1296,85,0
1297,85,0
1298,85,0
1299,85,0
1300,85,0
1301,85,0
1302,85,0
1303,85,0
1304,85,0
1305,85,0
1306,85,0
1307,85,0
1308,85,0
1309,85,0
1310,85,0
1311,85,0
1312,85,0
1313,85,0
1314,85,0
1315,85,0
1316,85,0
1317,85,0
1318,85,0
1319,85,0
1320,85,0
1321,85,0
1322,85,0
1323,85,0
1324,85,0
1325,85,0
1326,85,0
1327,85,0
1328,85,0
1329,85,0
1330,85,0
1331,85,0
1332,85,0
1333,85,0
1334,85,0
1335,85,0
1336,85,0
1337,85,0
1338,85,0
1339,85,0
1340,85,0
1341,85,0
1342,85,0
1343,85,0
1344,85,0
1345,85,0
1346,85,0
1347,85,0
1348,85,0
1349,85,0
1350,85,0
1351,85,0
1352,85,0
1353,85,0
1354,84,0
1355,84,0
1356,84,0
1357,84,0
1358,83,0
1359,83,0
1360,83,0
1361,83,0
1362,83,0
1363,83,0
1364,83,0
1365,83,0
1366,83,0
1367,83,0
1368,83,0
1369,83,0
1370,83,0
1371,83,0
1372,83,0
1373,83,0
1374,83,0
1375,83,0
1376,83,0
1377,82,0
1378,82,0
1379,82,0
1380,82,0
1381,82,0
1382,82,0
1383,82,0
1384,81,0
1385,75,0
1386,75,0
1387,75,0
1388,75,0
1389,75,0
1390,75,0
1391,75,0
1392,75,0
1393,75,0
1394,75,0
1395,75,0
1396,75,0
1397,75,0
1398,75,0
1399,75,0
1400,75,0
1401,75,0
1402,75,0
1403,76,0
1404,76,0
1405,76,0
1406,76,0
1407,76,0
1408,76,0
1409,76,0
1410,76,0
1411,76,0
1412,76,0
1413,76,0
1414,76,0
1415,76,0
1416,76,0
1417,76,0
1418,76,0
1419,76,0
1420,76,0
1421,76,0
1422,76,0
1423,76,0
1424,76,0
1425,76,0
1426,76,0
1427,77,0
1428,77,0
1429,77,0
1430,77,0
1431,77,0
1432,77,0
1433,77,0
1434,77,0
1435,77,0
1436,78,0
1437,78,0
1438,78,0
1439,78,0
1440,78,0
1441,78,0
1442,78,0
1443,79,0
1444,73,0
1445,73,0
1446,73,0
1447,73,0
1448,73,0
1449,72,0
1450,72,0
1451,72,0
1452,72,0
1453,71,0
1454,71,0
1455,71,0
1456,71,0
1457,71,0
1458,71,0
1459,71,0
1460,71,0
1461,70,0
1462,70,0
1463,70,0
1464,70,0
1465,70,0
1466,69,0
1467,69,0
1468,69,0
1469,69,0
1470,69,0
1471,69,0
1472,69,0
1473,69,0
1474,69,0
1475,69,0
1476,69,0
1477,69,0
1478,69,0
1479,69,0
1480,69,0
1481,69,0
1482,68,1
1483,68,1
1484,68,1
1485,68,1
1486,68,1
1487,68,1
1488,68,1
1489,68,1
1490,68,1
1491,68,1
1492,68,1
1493,68,1
1494,68,1
1495,68,1
1496,68,1
1497,68,1
1498,68,1
1499,67,1
1500,67,1
1501,67,1
1502,67,1
1503,67,1
1504,67,1
1505,65,0
1506,65,0
1507,65,0
1508,64,0
1509,64,0
1510,64,0
1511,64,0
1512,64,0
1513,64,0
1514,64,0
1515,64,0
1516,64,0
1517,64,0
1518,64,0
1519,64,0
1520,64,0
1521,64,0
1522,64,0
1523,64,0
1524,64,0
1525,64,0
1526,64,0
1527,64,0
1528,64,0
1529,64,0
1530,64,0
1531,64,0
1532,64,0
1533,64,0
1534,64,0
1535,64,0
1536,64,0
1537,64,0
1538,64,0
1539,64,0
1540,64,0
1541,64,0
1542,64,0
1543,64,0
1544,64,0
1545,64,0
1546,64,0
1547,64,0
1548,64,0
1549,64,0
1550,64,0
1551,64,0
1552,64,0
1553,64,0
1554,64,0
1555,64,0
1556,64,0
1557,64,0
1558,64,0
1559,64,0
1560,64,0
1561,64,0
1562,64,0
1563,64,0
1564,64,0
1565,64,0
1566,64,0
1567,64,0
1568,64,0
1569,64,0
1570,64,0
1571,64,0
1572,64,0
1573,64,0
1574,64,0
1575,64,0
1576,64,0
1577,64,0
1578,64,0
1579,64,0
1580,64,0
1581,64,0
1582,64,0
1583,64,0
1584,64,0
1585,64,0
1586,64,0
1587,64,0
1588,64,0
1589,64,0
1590,64,0
1591,64,0
1592,64,0
1593,64,0
1594,64,0
1595,64,0
1596,64,0
1597,64,0
1598,64,0
1599,64,0
1600,64,0
1601,64,0
1602,64,0
1603,64,0
1604,64,0
1605,64,0
1606,64,0
1607,64,0
1608,64,0
1609,64,0
1610,64,0
1611,64,0
1612,64,0
1613,64,0
1614,64,0
1615,64,0
1616,64,0
1617,64,0
1618,64,0
1619,64,0
1620,64,0
1621,64,0
1622,63,0
1623,63,0
1624,63,0
1625,63,0
1626,61,0
1627,61,0
1628,61,0
1629,61,0
1630,61,0
1631,61,0
1632,61,0
1633,61,0
1634,61,0
1635,62,0
1636,62,0
1637,62,0
1638,62,0
1639,62,0
1640,62,0
1641,62,0
1642,62,0
1643,62,0
1644,62,0
1645,62,0
1646,62,0
1647,62,0
1648,62,0
1649,62,0
1650,62,0
1651,62,0
1652,62,0
1653,62,0
1654,62,0
1655,62,0
1656,62,0
1657,62,0
1658,62,0
1659,62,0
1660,62,0
1661,62,0
1662,62,0
1663,62,0
1664,62,0
1665,62,0
1666,62,0
1667,62,0
1668,62,0
1669,62,0
1670,62,0
1671,62,0
1672,62,0
1673,59,0
1674,59,0
1675,59,0
1676,59,0
1677,59,0
1678,59,0
1679,59,0
1680,59,0
1681,59,0
1682,59,0
1683,59,0
1684,59,0
1685,59,0
1686,59,0
1687,59,0
1688,59,0
1689,59,0
1690,59,0
1691,59,0
1692,59,0
1693,59,0
1694,59,0
1695,59,0
1696,59,0
1697,58,0
1698,58,0
1699,58,0
1700,58,0
1701,58,0
1702,58,0
1703,58,0
1704,58,0
1705,58,0
1706,58,0
1707,58,0
1708,58,0
1709,136,0
1710,136,0
1711,93,0
1712,93,0
1713,93,0
1714,93,0
1715,93,0
1716,93,0
1717,106,0
1718,106,0
1719,106,0
1720,106,0
1721,106,0
1722,106,0
1723,106,0
1724,106,0
1725,106,0
1726,5,0
1727,5,0
1728,5,0
1729,5,0
1730,5,0
1731,5,0
1732,5,0
1733,5,0
1734,5,0
1735,5,0
1736,5,0
1737,5,0
1738,5,0
1739,5,0
1740,5,0
1741,5,0
1742,5,0
1743,5,0
1744,5,0
1745,5,0
1746,5,0
1747,5,0
1748,5,0
1749,5,0
1750,5,0
1751,5,0
1752,5,0
1753,5,0
1754,5,0
1755,5,0
1756,5,0
1757,5,0
1758,5,0
1759,5,0
1760,5,0
1761,5,0
1762,5,0
1763,5,0
1764,5,0
1765,5,0
1766,5,0
1767,5,0
1768,5,0
1769,5,0
1770,5,0
1771,5,0
1772,5,0
1773,5,0
1774,5,0
1775,5,0
1776,5,0
1777,5,0
1778,5,0
1779,5,0
1780,5,0
1781,5,0
1782,5,0
1783,5,0
1784,5,0
1785,5,0
1786,5,0
1787,5,0
1788,5,0
1789,5,0
1790,5,0
1791,5,0
1792,5,0
1793,5,0
1794,5,0
1795,5,0
1796,5,0
1797,5,0
1798,17,0
1799,17,0
1800,17,0
1801,17,0
1802,17,0
1803,17,0
1804,17,0
1805,17,0
1806,17,0
1807,17,0
1808,17,0
1809,17,0
1810,17,0
1811,17,0
1812,17,0
1813,17,0
1814,17,0
1815,17,0
1816,17,0
1817,17,0
1818,17,0
1819,17,0
1820,17,0
1821,17,0
1822,17,0
1823,17,0
1824,17,0
1825,17,0
1826,17,0
1827,17,0
1828,17,0
1829,17,0
1830,17,0
1831,17,0
1832,17,0
1833,17,0
1834,8,0
1835,8,0
1836,8,0
1837,8,0
1838,8,0
1839,8,0
1840,8,0
1841,8,0
1842,8,0
1843,8,0
1844,8,0
1845,8,0
1846,8,0
1847,8,0
1848,8,0
1849,8,0
1850,8,0
1851,8,0
1852,8,0
1853,8,0
1854,8,0
1855,8,0
1856,8,0
1857,8,0
1858,8,0
1859,8,0
1860,8,0
1861,8,0
1862,8,0
1863,8,0
1864,30,0
1865,30,0
1866,30,0
1867,30,0
1868,30,0
1869,30,0
1870,30,0
1871,30,0
1872,30,0
1873,30,0
1874,30,0
1875,30,0
1876,30,0
1877,30,0
1878,30,0
1879,30,0
1880,30,0
1881,30,0
1882,30,0
1883,30,0
1884,30,0
1885,30,0
1886,30,0
1887,30,0
1888,30,0
1889,30,0
1890,27,0
1891,27,0
1892,27,0
1893,27,0
1894,27,0
1895,27,0
1896,27,0
1897,27,0
1898,27,0
1899,27,0
1900,27,0
1901,27,0
1902,27,0
1903,27,0
1904,27,0
1905,38,0
1906,38,0
1907,38,0
1908,38,0
1909,38,0
1910,38,0
1911,38,0
1912,39,0
1913,39,0
1914,39,0
1915,39,0
1916,39,0
1917,39,0
1918,39,0
1919,39,0
1920,39,0
1921,39,0
1922,39,0
1923,39,0
1924,39,0
1925,39,0
1926,39,0
1927,39,0
1928,39,0
1929,39,0
1930,39,0
1931,39,0
1932,39,0
1933,39,0
1934,39,0
1935,39,0
1936,39,0
1937,39,0
1938,39,0
1939,39,0
1940,39,0
1941,39,0
1942,39,0
1943,39,0
1944,39,0
1945,39,0
1946,39,0
1947,39,0
1948,39,0
1949,39,0
1950,39,0
1951,39,0
1952,39,0
1953,39,0
1954,39,0
1955,39,0
1956,39,0
1957,39,0
1958,39,0
1959,39,0
1960,39,0
1961,39,0
1962,39,0
1963,40,0
1964,40,0
1965,40,0
1966,40,0
1967,40,0
1968,40,0
1969,40,0
1970,40,0
1971,40,0
1972,40,0
1973,40,0
1974,40,0
1975,40,0
1976,40,0
1977,40,0
1978,40,0
1979,40,0
1980,40,0
1981,40,0
1982,40,0
1983,40,0
1984,40,0
1985,40,0
1986,40,0
1987,40,0
1988,40,0
1989,40,0
1990,40,0
1991,40,0
1992,40,0
1993,40,0
1994,40,0
1995,40,0
1996,40,0
1997,40,0
1998,40,0
1999,40,0
2000,40,0
2001,40,0
2002,40,0
2003,40,0
2004,40,0
2005,40,0
2006,40,0
2007,40,0
2008,40,0
2009,40,0
2010,40,0
2011,40,0
2012,40,0
2013,41,1
2014,41,1
2015,41,1
2016,41,1
2017,41,1
2018,41,1
2019,41,1
2020,41,1
2021,41,1
2022,41,1
2023,41,1
2024,41,1
2025,41,1
2026,41,1
2027,41,1
2028,41,1
2029,42,0
2030,42,0
2031,42,0
2032,42,0
2033,42,0
2034,42,0
2035,42,0
2036,42,0
2037,42,0
2038,42,0
2039,42,0
2040,42,0
2041,42,0
2042,42,0
2043,42,0
2044,42,0
2045,42,0
2046,42,0
2047,42,0
2048,42,0
2049,42,0
2050,42,0
2051,42,0
2052,42,0
2053,43,0
2054,43,0
2055,43,0
2056,43,0
2057,43,0
2058,43,0
2059,43,0
2060,43,0
2061,43,0
2062,43,0
2063,43,0
2064,43,0
2065,43,0
2066,43,0
2067,43,0
2068,43,0
2069,43,0
2070,43,0
2071,43,0
2072,43,0
2073,43,0
2074,44,0
2075,44,0
2076,44,0
2077,44,0
2078,44,0
2079,44,0
2080,44,0
2081,44,0
2082,44,0
2083,138,0
2084,138,0
2085,138,0
2086,138,0
2087,138,0
2088,138,0
2089,138,0
2090,138,0
2091,138,0
2092,138,0
2093,138,0
2094,138,0
2095,138,0
2096,138,0
2097,138,0
2098,138,0
2099,138,0
2100,138,0
2101,138,0
2102,138,0
2103,138,0
2104,138,0
2105,49,0
2106,51,0
2107,51,0
2108,51,0
2109,51,0
2110,51,0
2111,51,0
2112,51,0
2113,51,0
2114,51,0
2115,51,0
2116,51,0
2117,51,0
2118,51,0
2119,51,0
2120,51,0
2121,51,0
2122,51,0
2123,51,0
2124,51,0
2125,51,0
2126,51,0
2127,51,0
2128,52,0
2129,52,0
2130,52,0
2131,52,0
2132,52,0
2133,52,0
2134,52,0
2135,52,0
2136,52,0
2137,52,0
2138,52,0
2139,52,0
2140,52,0
2141,52,0
2142,52,0
2143,52,0
2144,52,0
2145,52,0
2146,52,0
2147,52,0
2148,52,0
2149,52,0
2150,52,0
2151,52,0
2152,52,0
2153,52,0
2154,52,0
2155,52,0
2156,52,0
2157,52,0
2158,52,0
2159,52,0
2160,52,0
2161,52,0
2162,52,0
2163,52,0
2164,52,0
2165,52,0
2166,52,0
2167,52,0
2168,52,0
2169,52,0
2170,52,0
2171,52,0
2172,52,0
2173,52,0
2174,52,0
2175,52,0
2176,52,0
2177,52,0
2178,52,0
2179,52,0
2180,52,0
2181,52,0
2182,52,0
2183,52,0
2184,52,0
2185,52,0
2186,52,0
2187,52,0
2188,52,0
2189,52,0
2190,52,0
2191,52,0
2192,52,0
2193,52,0
2194,52,0
2195,52,0
2196,52,0
2197,52,0
2198,137,0
2199,137,0
2200,137,0
2201,54,0
2202,54,0
2203,54,0
2204,56,0
2205,56,0
2206,56,0
2207,56,0
2208,56,0
2209,56,0
2210,56,0
2211,56,0
2212,56,0
2213,56,0
2214,56,0
2215,56,0
2216,56,0
2217,56,0
2218,56,0
2219,56,0
2220,56,0
2221,56,0
2222,56,0
2223,57,0
2224,57,0
2225,57,0
2226,57,0
2227,57,0
2228,57,0
2229,57,0
2230,57,0
2231,57,0
2232,57,0
2233,57,0
2234,57,0
2235,57,0
2236,57,0
2237,57,0
2238,57,0
2239,57,0
2240,57,0
2241,57,0
2242,57,0
2243,57,0
2244,57,0
2245,57,0
2246,57,0
2247,57,0
2248,57,0
2249,57,0
2250,57,0
2251,57,0
2252,57,0
2253,57,0
2254,57,0
2255,57,0
2256,57,0
2257,57,0
2258,57,0
2259,57,0
2260,57,0
2261,57,0
2262,57,0
2263,57,0
2264,57,0
2265,57,0
2266,57,0
2267,57,0
2268,57,0
2269,57,0
2270,57,0
2271,57,0
2272,57,0
2273,57,0
2274,57,0
2275,57,0
2276,57,0
2277,57,0
2278,57,0
2279,57,0
2280,57,0
2281,57,0
2282,57,0
2283,57,0
2284,57,0
2285,57,0
2286,57,0
2287,57,0
2288,57,0
2289,57,0
2290,57,0
2291,57,0
2292,57,0
2293,57,0
2294,57,0
2295,57,0
2296,57,0
2297,57,0
2298,57,0
2299,57,0
2300,57,0
2301,57,0
2302,57,0
2303,57,0
2304,57,0
2305,57,0
2306,57,0
2307,57,0
2308,57,0
2309,57,0
2310,57,0
2311,57,0
2312,57,0
2313,57,0
2314,57,0
2315,57,0
2316,57,0
2317,57,0
2318,57,0
2319,57,0
2320,57,0
2321,57,0
2322,57,0
2323,57,0
2324,57,0
2325,57,0
2326,57,0
2327,57,0
2328,57,0
2329,57,0
2330,57,0
2331,57,0
2332,57,0
2333,57,0
2334,57,0
2335,57,0
2336,57,0
2337,57,0
2338,57,0
2339,57,0
2340,57,0
2341,57,0
2342,57,0
2343,57,0
2344,57,0
2345,57,0
2346,57,0
2347,57,0
2348,57,0
2349,1,0
2350,3,0
2351,3,0
2352,3,0
2353,3,0
2354,3,0
2355,3,0
2356,3,0
2357,3,0
2358,3,0
2359,3,0
2360,3,0
2361,3,0
2362,3,0
2363,3,0
2364,3,0
2365,3,0
2366,3,0
2367,3,0
2368,3,0
2369,3,0
2370,3,0
2371,3,0
2372,3,0
2373,3,0
2374,3,0
2375,6,1
2376,6,1
2377,6,1
2378,6,1
2379,6,1
2380,6,1
2381,11,0
2382,11,0
2383,11,0
2384,11,0
2385,11,0
2386,11,0
2387,11,0
2388,11,0
2389,11,0
2390,11,0
2391,11,0
2392,11,0
2393,11,0
2394,11,0
2395,11,0
2396,11,0
2397,11,0
2398,11,0
2399,11,0
2400,11,0
2401,11,0
2402,11,0
2403,11,0
2404,11,0
2405,11,0
2406,11,0
2407,11,0
2408,11,0
2409,11,0
2410,11,0
2411,11,0
2412,11,0
2413,11,0
2414,11,0
2415,11,0
2416,11,0
2417,11,0
2418,11,0
2419,11,0
2420,11,0
2421,11,0
2422,11,0
2423,11,0
2424,11,0
2425,11,0
2426,11,0
2427,11,0
2428,11,0
2429,11,0
2430,11,0
2431,11,0
2432,11,0
2433,11,0
2434,11,0
2435,11,0
2436,11,0
2437,11,0
2438,11,0
2439,11,0
2440,11,0
2441,11,0
2442,11,0
2443,11,0
2444,11,0
2445,11,0
2446,11,0
2447,11,0
2448,11,0
2449,11,0
2450,11,0
2451,11,0
2452,11,0
2453,11,0
2454,11,0
2455,11,0
2456,11,0
2457,11,0
2458,11,0
2459,11,0
2460,11,0
2461,11,0
2462,11,0
2463,11,0
2464,11,0
2465,11,0
2466,11,0
2467,11,0
2468,11,0
2469,11,0
2470,11,0
2471,11,0
2472,11,0
2473,11,0
2474,11,0
2475,11,0
2476,11,0
2477,11,0
2478,11,0
2479,11,0
2480,11,0
2481,11,0
2482,11,0
2483,11,0
2484,11,0
2485,11,0
2486,11,0
2487,11,0
2488,11,0
2489,11,0
2490,11,0
2491,11,0
2492,11,0
2493,11,0
2494,11,0
2495,11,0
2496,11,0
2497,11,0
2498,11,0
2499,11,0
2500,11,0
2501,11,0
2502,11,0
2503,11,0
2504,11,0
2505,11,0
2506,11,0
2507,11,0
2508,11,0
2509,11,0
2510,11,0
2511,11,0
2512,11,0
2513,11,0
2514,11,0
2515,11,0
2516,11,0
2517,11,0
2518,11,0
2519,11,0
2520,11,0
2521,11,0
2522,11,0
2523,11,0
2524,11,0
2525,11,0
2526,11,0
2527,11,0
2528,11,0
2529,11,0
2530,11,0
2531,11,0
2532,11,0
2533,11,0
2534,11,0
2535,11,0
2536,11,0
2537,11,0
2538,11,0
2539,11,0
2540,11,0
2541,11,0
2542,11,0
2543,11,0
2544,11,0
2545,11,0
2546,11,0
2547,11,0
2548,11,0
2549,11,0
2550,11,0
2551,11,0
2552,11,0
2553,11,0
2554,11,0
2555,11,0
2556,11,0
2557,11,0
2558,11,0
2559,11,0
2560,11,0
2561,11,0
2562,11,0
2563,11,0
2564,11,0
2565,11,0
2566,11,0
2567,11,0
2568,11,0
2569,11,0
2570,11,0
2571,11,0
2572,11,0
2573,11,0
2574,11,0
2575,11,0
2576,11,0
2577,11,0
2578,11,0
2579,11,0
2580,11,0
2581,11,0
2582,11,0
2583,11,0
2584,12,0
2585,10,0
2586,10,0
2587,10,0
2588,10,0
2589,10,0
2590,10,0
2591,10,0
2592,10,0
2593,10,0
2594,10,0
2595,10,0
2596,10,0
2597,10,0
2598,10,0
2599,10,0
2600,10,0
2601,10,0
2602,10,0
2603,10,0
2604,10,0
2605,10,0
2606,10,0
2607,10,0
2608,10,0
2609,10,0
2610,10,0
2611,10,0
2612,10,0
2613,10,0
2614,10,0
2615,10,0
2616,10,0
2617,10,0
2618,10,0
2619,10,0
2620,10,0
2621,10,0
2622,10,0
2623,10,0
2624,10,0
2625,13,0
2626,13,0
2627,13,0
2628,13,0
2629,13,0
2630,13,0
2631,13,0
2632,13,0
2633,13,0
2634,14,0
2635,14,0
2636,14,0
2637,14,0
2638,14,0
2639,14,0
2640,14,0
2641,14,0
2642,14,0
2643,14,0
2644,14,0
2645,14,0
2646,14,0
2647,14,0
2648,14,0
2649,14,0
2650,14,0
2651,14,0
2652,14,0
2653,14,0
2654,14,0
2655,14,0
2656,14,0
2657,16,0
2658,16,0
2659,16,0
2660,16,0
2661,16,0
2662,16,0
2663,16,0
2664,16,0
2665,16,0
2666,16,0
2667,16,0
2668,16,0
2669,16,0
2670,16,0
2671,18,0
2672,18,0
2673,18,0
2674,18,0
2675,18,0
2676,18,0
2677,18,0
2678,18,0
2679,18,0
2680,19,1
2681,20,0
2682,20,0
2683,21,0
2684,21,0
2685,21,0
2686,21,0
2687,21,0
2688,21,0
2689,21,0
2690,21,0
2691,22,0
2692,22,0
2693,22,0
2694,22,0
2695,22,0
2696,22,0
2697,22,0
2698,22,0
2699,22,0
2700,23,0
2701,23,0
2702,23,0
2703,23,0
2704,23,0
2705,23,0
2706,25,1
2707,25,1
2708,26,0
2709,26,0
2710,26,0
2711,28,0
2712,32,1
2713,32,1
2714,32,1
2715,32,1
2716,32,1
2717,32,1
2718,32,1
2719,32,1
2720,32,1
2721,32,1
2722,32,1
2723,32,1
2724,32,1
2725,32,1
2726,32,1
2727,32,1
2728,32,1
2729,32,1
2730,32,1
2731,32,1
2732,32,1
2733,32,1
2734,32,1
2735,32,1
2736,34,0
2737,34,0
2738,34,0
2739,34,0
2740,34,0
2741,34,0
2742,34,0
2743,34,0
2744,34,0
2745,34,0
2746,34,0
2747,34,0
2748,34,0
2749,34,0
2750,34,0
2751,34,0
2752,34,0
2753,34,0
2754,34,0
2755,34,0
2756,34,0
2757,34,0
2758,34,0
2759,34,0
2760,34,0
2761,34,0
2762,34,0
2763,34,0
2764,34,0
2765,34,0
2766,34,0
2767,34,0
2768,34,0
2769,34,0
2770,34,0
2771,34,0
2772,34,0
2773,34,0
2774,34,0
2775,34,0
2776,34,0
2777,34,0
2778,34,0
2779,34,0
2780,34,0
2781,34,0
2782,34,0
2783,34,0
2784,34,0
2785,34,0
2786,34,0
2787,34,0
2788,34,0
2789,34,0
2790,34,0
2791,34,0
2792,37,0
2793,37,0
2794,37,0
2795,37,0
2796,37,0
2797,37,0
2798,37,0
2799,37,0
2800,37,0
2801,37,0
2802,37,0
2803,37,0
2804,37,0
2805,37,0
2806,37,0
2807,37,0
2808,37,0
2809,45,0
2810,45,0
2811,46,0
2812,46,0
2813,46,0
2814,46,0
2815,46,0
2816,46,0
2817,46,0
2818,46,0
2819,46,0
2820,50,0
2821,29,0
2822,29,0
2823,29,0
2824,29,0
2825,29,0
2826,29,0
2827,29,0
2828,29,0
2829,29,0
2830,29,0
2831,29,0
2832,29,0
2833,29,0
2834,36,0
2835,36,0
2836,36,0
2837,36,0
2838,36,0
2839,36,0
2840,36,0
2841,36,0
2842,35,0
2843,35,0
2844,35,0
2845,35,0
2846,35,0
2847,35,0
2848,35,0
2849,35,0
2850,35,0
2851,35,0
2852,35,0
2853,35,0
2854,35,0
2855,35,0
2856,35,0
2857,35,0
2858,35,0
2859,35,0
2860,35,0
2861,35,0
2862,35,0
2863,35,0
2864,35,0
2865,35,0
2866,35,0
2867,35,0
2868,35,0
2869,35,0
2870,35,0
2871,35,0
2872,35,0
2873,35,0
2874,35,0
2875,35,0
2876,35,0
2877,35,0
2878,35,0
2879,35,0
2880,35,0
2881,35,0
2882,35,0
2883,35,0
2884,35,0
2885,35,0
2886,35,0
2887,35,0
2888,35,0
2889,35,0
2890,35,0
2891,35,0
2892,35,0
2893,35,0
2894,35,0
2895,35,0
2896,35,0
2897,35,0
2898,35,0
2899,35,0
2900,35,0
2901,35,0
2902,35,0
2903,35,0
2904,35,0
2905,35,0
2906,35,0
2907,35,0
2908,35,0
2909,35,0
2910,35,0
2911,35,0
2912,35,0
2913,35,0
2914,35,0
2915,35,0
2916,35,0
2917,35,0
2918,35,0
2919,35,0
2920,33,0
2921,33,0
2922,33,0
2923,33,0
2924,33,0
2925,33,0
2926,33,0
2927,33,0
2928,33,0
2929,33,0
2930,33,0
2931,33,0
2932,33,0
2933,33,0
2934,33,0
2935,33,0
2936,33,0
2937,33,0
2938,33,0
2939,33,0
2940,33,0
2941,33,0
2942,33,0
2943,33,0
2944,33,0
2945,9,0
2946,9,0
2947,9,0
2948,9,0
2949,9,0
2950,9,0
2951,9,0
2952,9,0
2953,9,0
2954,9,0
2955,9,0
2956,9,0
2957,9,0
2958,9,0
2959,9,0
2960,9,0
2961,9,0
2962,9,0
2963,9,0
2964,9,0
2965,9,0
2966,48,0
2967,48,0
2968,48,0
2969,48,0
2970,48,0
2971,48,0
2972,48,0
2973,48,0
2974,48,0
2975,48,0
2976,48,0
2977,48,0
2978,48,0
2979,48,0
2980,48,0
2981,48,0
2982,48,0
2983,48,0
2984,48,0
2985,48,0
2986,47,0
2987,47,0
2988,47,0
2989,47,0
2990,47,0
2991,47,0
2992,47,0
2993,47,0
2994,47,0
2995,47,0
2996,47,0
2997,47,0
2998,47,0
2999,47,0
3000,47,0
3001,47,0
3002,139,0
3003,139,0
3004,139,0
3005,139,0
3006,139,0
3007,139,0
3008,139,0
3009,139,0
3010,139,0
3011,139,0
3012,139,0
3013,139,0
3014,139,0
3015,139,0
3016,139,0
3017,139,0
3018,139,0
3019,139,0
3020,139,0
3021,139,0
3022,139,0
3023,139,0
3024,139,0
3025,139,0
3026,139,0
3027,139,0
3028,139,0
3029,139,0
3030,139,0
3031,139,0
3032,139,0
3033,139,0
3034,139,0
3035,139,0
3036,139,0
3037,139,0
3038,139,0
3039,139,0
3040,139,0
3041,139,0
3042,139,0
3043,139,0
3044,139,0
3045,139,0
3046,139,0
3047,139,0
3048,139,0
3049,139,0
3050,139,0
3051,139,0
3052,139,0
3053,139,0
3054,139,0
3055,139,0
3056,139,0
3057,139,0
3058,139,0
3059,139,0
3060,139,0
3061,139,0
3062,139,0
3063,139,0
3064,139,0
3065,139,0
3066,139,0
3067,139,0
3068,139,0
3069,139,0
3070,139,0
3071,139,0
3072,139,0
3073,139,0
3074,139,0
3075,139,0
3076,139,0
3077,139,0
3078,139,0
3079,139,0
3080,139,0
3081,139,0
3082,139,0
3083,139,0
3084,139,0
3085,139,0
3086,139,0
3087,139,0
3088,139,0
3089,139,0
3090,139,0
3091,139,0
3092,139,0
3093,139,0
3094,139,0
3095,139,0
3096,139,0
3097,139,0
3098,139,0
3099,139,0
3100,139,0
3101,139,0
3102,139,0
3103,139,0
3104,139,0
3105,139,0
3106,139,0
3107,139,0
3108,139,0
3109,139,0
3110,139,0
3111,139,0
3112,139,0
3113,139,0
3114,139,0
3115,139,0
3116,139,0
3117,139,0
3118,139,0
3119,139,0
3120,139,0
3121,139,0
3122,139,0
3123,139,0
3124,139,0
3125,139,0
3126,139,0
3127,139,0
3128,139,0
3129,139,0
3130,139,0
3131,139,0
3132,139,0
3133,139,0
3134,139,0
3135,139,0
3136,139,0
3137,139,0
3138,139,0
3139,139,0
3140,139,0
3141,139,0
3142,139,0
3143,139,0
3144,139,0
3145,139,0
3146,139,0
3147,139,0
3148,139,0
3149,139,0
3150,139,0
3151,139,0
3152,139,0
3153,139,0
3154,139,0
3155,139,0
3156,139,0
3157,139,0
3158,139,0
3159,139,0
3160,139,0
3161,139,0
3162,139,0
3163,139,0
3164,139,0
3165,139,0
3166,139,0
3167,139,0
3168,139,0
3169,139,0
3170,139,0
3171,139,0
3172,139,0
3173,139,0
3174,139,0
3175,139,0
3176,139,0
3177,139,0
3178,139,0
3179,139,0
3180,139,0
3181,139,0
3182,139,0
3183,139,0
3184,139,0
3185,139,0
3186,139,0
