id,Studyid,Study,e,tstat,Published,Pubyear,Australia,Canada,France,Germany,Japan,Sweden,usa,Developing,Start,End,Datayear,Timespan,Observations,Cross_section,Timeseries,Quarterly,Monthly,Carstock,Static,ols,iv,sur,ml,ecm,gls
3,3,A&D86,1.646,20.5304,1,1986,0,0,0,0,0,0,0,1,1965,1980,1972.5,16,16,0,1,0,0,0,1,1,0,0,0,0,0
14,6,A&G80=81b,0.2854,5.585127201565557,1,1980,0,0,0,0,0,0,1,0,1972,1973,1972.5,2,8,0,0,1,0,1,1,1,0,0,0,0,0
15,6,A&G80=81b,0.5612,8.673879443585783,1,1980,0,0,0,0,0,0,1,0,1972,1973,1972.5,2,8,0,0,1,0,1,1,1,0,0,0,0,0
16,7,A&G81a,0.294,5.764705882352941,1,1981,0,0,0,0,0,0,1,0,1974,1974,1974.0,1,1,1,0,0,0,1,1,1,0,0,0,0,0
17,7,A&G81a,0.555,8.671875,1,1981,0,0,0,0,0,0,1,0,1974,1974,1974.0,1,1,1,0,0,0,1,1,1,0,0,0,0,0
19,9,Abd88,1.423,10.537,1,1988,0,0,0,0,0,0,0,1,1960,1981,1970.5,22,22,0,1,0,0,0,1,1,0,0,0,0,0
21,9,Abd88,1.288,7.516,1,1988,0,0,0,0,0,0,0,1,1960,1981,1970.5,22,22,0,1,0,0,0,1,1,0,0,0,0,0
27,13,AGG74,-0.37,-2.33,0,1974,0,0,0,0,0,0,0,0,1969,1969,1969.0,1,1,1,0,0,0,1,1,1,0,0,0,0,0
28,13,AGG74,-0.56,-3.28,0,1974,0,0,0,0,0,0,0,0,1969,1969,1969.0,1,1,1,0,0,0,1,1,1,0,0,0,0,0
29,13,AGG74,0.54,3.75,0,1974,0,0,0,0,0,0,0,0,1969,1969,1969.0,1,1,0,0,0,0,1,1,1,0,0,0,0,0
30,13,AGG74,0.52,3.53,0,1974,0,0,0,0,0,0,0,0,1969,1969,1969.0,1,1,1,0,0,0,1,1,1,0,0,0,0,0
31,13,AGG74,0.49,3.26,0,1974,0,0,0,0,0,0,0,0,1969,1969,1969.0,1,1,1,0,0,0,1,1,1,0,0,0,0,0
110,22,And79qD&S90b,0.53,7.35,0,1979,0,0,0,0,0,1,0,0,1972,1976,1974.0,5,60,0,1,0,1,0,1,1,0,0,0,0,0
111,22,And79qD&S90b,0.14,0.12,0,1979,0,0,0,0,0,1,0,0,1972,1976,1974.0,5,60,0,1,0,1,1,1,1,0,0,0,0,0
112,22,And79qD&S90b,0.14,0.5,0,1979,0,0,0,0,0,1,0,0,1972,1976,1974.0,5,60,0,1,0,1,1,1,1,0,0,0,0,0
113,22,And79qD&S90b,0.41,7.07,0,1979,0,0,0,0,0,1,0,0,1972,1976,1974.0,5,60,0,1,0,1,0,1,1,0,0,0,0,0
114,22,And79qD&S90b,0.6,3.8,0,1979,0,0,0,0,0,1,0,0,1972,1976,1974.0,5,60,0,1,0,1,0,1,1,0,0,0,0,0
115,22,And79qD&S90b,0.45,9.8,0,1979,0,0,0,0,0,1,0,0,1972,1976,1974.0,5,60,0,1,0,1,0,1,1,0,0,0,0,0
116,22,And79qD&S90b,0.68,10.91,0,1979,0,0,0,0,0,1,0,0,1972,1976,1974.0,5,60,0,1,0,1,0,1,1,0,0,0,0,0
117,22,And79qD&S90b,0.35,2.45,0,1979,0,0,0,0,0,1,0,0,1972,1976,1974.0,5,60,0,1,0,1,0,1,1,0,0,0,0,0
118,22,And79qD&S90b,0.69,16.25,0,1979,0,0,0,0,0,1,0,0,1972,1976,1974.0,5,60,0,1,0,1,0,1,1,0,0,0,0,0
119,22,And79qD&S90b,1.17,19.72,0,1979,0,0,0,0,0,1,0,0,1972,1976,1974.0,5,60,0,1,0,1,0,1,1,0,0,0,0,0
120,22,And79qD&S90b,0.88,15.89,0,1979,0,0,0,0,0,1,0,0,1972,1976,1974.0,5,60,0,1,0,1,0,1,1,0,0,0,0,0
121,22,And79qD&S90b,0.83,15.9,0,1979,0,0,0,0,0,1,0,0,1972,1976,1974.0,5,60,0,1,0,1,0,1,1,0,0,0,0,0
123,22,And79qD&S90b,0.65,6.41,0,1979,0,0,0,0,0,1,0,0,1972,1976,1974.0,5,60,0,1,0,1,0,1,1,0,0,0,0,0
124,22,And79qD&S90b,0.67,16.65,0,1979,0,0,0,0,0,1,0,0,1972,1976,1974.0,5,60,0,1,0,1,0,1,1,0,0,0,0,0
125,22,And79qD&S90b,1.16,30.92,0,1979,0,0,0,0,0,1,0,0,1972,1976,1974.0,5,60,0,1,0,1,0,1,1,0,0,0,0,0
126,22,And79qD&S90b,0.71,12.44,0,1979,0,0,0,0,0,1,0,0,1972,1976,1974.0,5,60,0,1,0,1,0,1,1,0,0,0,0,0
127,22,And79qD&S90b,0.79,18.7,0,1979,0,0,0,0,0,1,0,0,1972,1976,1974.0,5,60,0,1,0,1,0,1,1,0,0,0,0,0
128,22,And79qD&S90b,0.42,7.32,0,1979,0,0,0,0,0,1,0,0,1972,1976,1974.0,5,60,0,1,0,1,0,1,1,0,0,0,0,0
129,22,And79qD&S90b,0.89,8.2,0,1979,0,0,0,0,0,1,0,0,1972,1976,1974.0,5,60,0,1,0,1,0,1,1,0,0,0,0,0
130,22,And79qD&S90b,0.89,5.89,0,1979,0,0,0,0,0,1,0,0,1972,1976,1974.0,5,60,0,1,0,1,0,1,1,0,0,0,0,0
131,22,And79qD&S90b,0.87,17.0,0,1979,0,0,0,0,0,1,0,0,1972,1976,1974.0,5,60,0,1,0,1,0,1,1,0,0,0,0,0
132,22,And79qD&S90b,1.48,9.59,0,1979,0,0,0,0,0,1,0,0,1972,1976,1974.0,5,60,0,1,0,1,0,1,1,0,0,0,0,0
133,22,And79qD&S90b,0.84,4.14,0,1979,0,0,0,0,0,1,0,0,1972,1976,1974.0,5,60,0,1,0,1,0,1,1,0,0,0,0,0
135,22,And79qD&S90b,0.2,1.55,0,1979,0,0,0,0,0,1,0,0,1972,1976,1974.0,5,60,0,1,0,1,0,1,1,0,0,0,0,0
136,22,And79qD&S90b,0.44,6.92,0,1979,0,0,0,0,0,1,0,0,1972,1976,1974.0,5,60,0,1,0,1,0,1,1,0,0,0,0,0
143,24,Aus91qH&Y91,-0.18,-3.92,0,1991,1,0,0,0,0,0,0,0,1970,1988,1979.0,19,19,0,1,0,0,1,1,1,0,0,0,0,0
144,25,AZK08,0.357522877207917,-2.368,1,2008,0,0,0,0,0,0,0,1,1978,2005,1991.5,28,28,0,1,0,0,0,0,1,0,0,0,0,0
157,29,B&G83,0.39,5.1,1,1983,0,1,0,0,0,0,0,0,1960,1978,1969.0,19,19,0,1,0,0,1,1,1,0,0,0,0,0
158,29,B&G83,0.11,0.8,1,1983,0,0,0,0,0,0,1,0,1960,1978,1969.0,19,19,0,1,0,0,1,1,1,0,0,0,0,0
159,29,B&G83,-0.05,-0.3,1,1983,0,0,0,0,1,0,0,0,1960,1978,1969.0,19,19,0,1,0,0,1,1,1,0,0,0,0,0
160,29,B&G83,0.76,3.6,1,1983,0,0,0,0,0,0,0,0,1960,1978,1969.0,19,19,0,1,0,0,1,1,1,0,0,0,0,0
161,29,B&G83,0.85,5.0,1,1983,0,0,0,0,0,0,0,0,1960,1978,1969.0,19,19,0,1,0,0,1,1,1,0,0,0,0,0
162,29,B&G83,0.93,0.4,1,1983,0,0,0,0,0,0,0,0,1960,1978,1969.0,19,19,0,1,0,0,1,1,1,0,0,0,0,0
163,29,B&G83,1.14,6.9,1,1983,0,0,1,0,0,0,0,0,1960,1978,1969.0,19,19,0,1,0,0,1,1,1,0,0,0,0,0
164,29,B&G83,0.4,3.5,1,1983,0,0,0,1,0,0,0,0,1960,1978,1969.0,19,19,0,1,0,0,1,1,1,0,0,0,0,0
165,29,B&G83,0.59,1.1,1,1983,0,0,0,0,0,0,0,0,1960,1978,1969.0,19,19,0,1,0,0,1,1,1,0,0,0,0,0
166,29,B&G83,0.35,1.6,1,1983,0,0,0,0,0,0,0,0,1960,1978,1969.0,19,19,0,1,0,0,1,1,1,0,0,0,0,0
167,29,B&G83,0.12,0.7,1,1983,0,0,0,0,0,0,0,0,1960,1978,1969.0,19,19,0,1,0,0,1,1,1,0,0,0,0,0
168,29,B&G83,0.36,1.3,1,1983,0,0,0,0,0,0,0,0,1960,1978,1969.0,19,19,0,1,0,0,1,1,1,0,0,0,0,0
169,29,B&G83,0.8,3.6,1,1983,0,0,0,0,0,0,0,0,1960,1978,1969.0,19,19,0,1,0,0,1,1,1,0,0,0,0,0
170,29,B&G83,0.83,1.6,1,1983,0,0,0,0,0,0,0,0,1960,1978,1969.0,19,19,0,1,0,0,1,1,1,0,0,0,0,0
171,29,B&G83,-0.71,-1.8,1,1983,0,0,0,0,0,1,0,0,1960,1978,1969.0,19,19,0,1,0,0,1,1,1,0,0,0,0,0
172,29,B&G83,1.07,5.2,1,1983,0,0,0,0,0,0,0,0,1960,1978,1969.0,19,19,0,1,0,0,1,1,1,0,0,0,0,0
173,29,B&G83,0.32,1.2,1,1983,0,0,0,0,0,0,0,0,1960,1978,1969.0,19,19,0,1,0,0,1,1,1,0,0,0,0,0
174,29,B&G83,0.56,2.6,1,1983,0,0,0,0,0,0,0,0,1960,1978,1969.0,19,19,0,1,0,0,1,1,1,0,0,0,0,0
175,29,B&G83,0.89,24.8,1,1983,0,0,0,0,0,0,0,0,1960,1978,1969.0,19,19,0,0,0,0,1,1,1,0,0,0,0,0
176,29,B&G83,0.66,9.3,1,1983,0,0,0,0,0,0,0,0,1960,1978,1969.0,19,19,0,0,0,0,1,1,0,0,0,0,1,0
177,29,B&G83,0.97,6.2,1,1983,0,0,0,0,0,0,0,0,1960,1978,1969.0,19,19,0,0,0,0,1,0,1,0,0,0,0,0
178,29,B&G83,0.6,9.2,1,1983,0,0,0,0,0,0,0,0,1960,1978,1969.0,19,19,0,0,0,0,1,0,1,0,0,0,0,0
179,29,B&G83,0.54,9.9,1,1983,0,0,0,0,0,0,0,0,1960,1978,1969.0,19,19,0,0,0,0,1,0,0,0,0,0,1,0
180,29,B&G83,0.55,9.4,1,1983,0,0,0,0,0,0,0,0,1960,1978,1969.0,19,19,0,0,0,0,1,0,0,0,0,0,1,0
181,29,B&G83,0.6,9.2,1,1983,0,0,0,0,0,0,0,0,1964,1978,1971.0,15,15,0,0,0,0,1,0,0,0,0,0,0,0
182,29,B&G83,0.54,9.7,1,1983,0,0,0,0,0,0,0,0,1964,1978,1971.0,15,15,0,0,0,0,1,0,0,0,0,0,0,0
190,29,B&G83,0.89,24.3,1,1983,0,0,0,0,0,0,0,0,1964,1978,1971.0,15,15,0,0,0,0,1,0,1,0,0,0,0,0
191,29,B&G83,0.54,6.8,1,1983,0,0,0,0,0,0,0,0,1964,1978,1971.0,15,15,0,0,0,0,1,0,0,0,0,0,1,0
192,29,B&G83,0.54,8.6,1,1983,0,0,0,0,0,0,0,0,1964,1978,1971.0,15,15,0,0,0,0,1,0,1,0,0,0,0,0
193,29,B&G83,0.57,10.3,1,1983,0,0,0,0,0,0,0,0,1964,1978,1971.0,15,15,0,0,0,0,1,0,0,0,0,0,1,0
194,29,B&G83,0.55,9.2,1,1983,0,0,0,0,0,0,0,0,1964,1978,1971.0,15,15,0,0,0,0,1,0,0,0,0,0,1,0
195,29,B&G83,0.54,8.6,1,1983,0,0,0,0,0,0,0,0,1964,1978,1971.0,15,15,0,0,0,0,1,0,0,0,0,0,0,0
196,29,B&G83,0.55,9.7,1,1983,0,0,0,0,0,0,0,0,1964,1978,1971.0,15,15,0,0,0,0,1,0,0,0,0,0,0,0
197,30,B&G84,0.89,24.3,1,1984,0,0,0,0,0,0,0,0,1960,1978,1969.0,19,19,0,0,0,0,1,0,1,0,0,0,0,0
198,30,B&G84,0.55,9.2,1,1984,0,0,0,0,0,0,0,0,1960,1978,1969.0,19,19,0,0,0,0,1,0,0,0,0,0,0,1
293,33,B&R99,0.805,10.0625,1,1999,0,0,0,0,0,0,0,0,1974,1993,1983.5,20,80,0,0,1,0,0,0,0,1,0,0,0,0
294,33,B&R99,0.866,7.801801801801802,1,1999,0,0,0,0,0,0,0,0,1974,1993,1983.5,20,80,0,0,1,0,0,0,0,1,0,0,0,0
332,39,Ber82,0.362,9.1183879093199,1,1982,0,0,0,0,0,0,1,0,1972,1976,1974.0,5,20,0,0,1,0,0,1,0,0,0,0,1,0
333,40,BFG88=BFG86,0.247,0.97,1,1987,0,0,0,1,0,0,0,0,1968,1983,1975.5,16,192,0,1,0,1,1,1,0,0,0,0,0,0
335,40,BFG88=BFG86,0.381,1.73,1,1987,0,0,0,1,0,0,0,0,1968,1983,1975.5,16,192,0,1,0,1,1,1,0,0,0,0,0,0
336,40,BFG88=BFG86,0.198,0.72,1,1987,0,0,0,1,0,0,0,0,1968,1983,1975.5,16,192,0,1,0,1,1,1,0,0,0,0,0,0
337,40,BFG88=BFG86,0.193,1.01,1,1987,0,0,0,1,0,0,0,0,1968,1983,1975.5,16,192,0,1,0,1,1,1,0,0,0,0,0,0
354,46,Blo84,0.2174,2.42,1,1984,0,0,0,0,0,0,1,0,1936,1972,1954.0,37,37,0,1,0,0,1,1,0,0,0,0,0,1
355,46,Blo84,0.2219,2.54,1,1984,0,0,0,0,0,0,1,0,1936,1975,1955.5,40,40,0,1,0,0,1,1,0,0,0,0,0,1
356,46,Blo84,0.2228,2.47,1,1984,0,0,0,0,0,0,1,0,1936,1975,1955.5,40,40,0,1,0,0,1,1,0,0,0,0,0,1
358,48,Cas76qD&S90b,0.55,4.44,0,1976,0,0,0,0,0,0,0,0,1973,1976,1974.5,4,48,0,1,0,1,0,1,0,0,0,0,0,0
388,54,Cop03,0.165,9.166666666666668,1,2003,0,0,0,0,0,0,1,0,1994,1994,1994.0,1,1,1,0,0,0,0,1,1,0,0,0,0,0
389,54,Cop03,0.22,1.4666666666666668,1,2003,0,0,0,0,0,0,1,0,1994,1994,1994.0,1,1,1,0,0,0,0,1,1,0,0,0,0,0
390,54,Cop03,0.181,0.7869565217391303,1,2003,0,0,0,0,0,0,1,0,1994,1994,1994.0,1,1,1,0,0,0,0,1,1,0,0,0,0,0
393,57,D&H85,1.604,73.83,0,1985,0,0,0,0,0,0,0,1,1965,1981,1973.0,17,17,0,0,0,0,0,1,1,0,0,0,0,0
394,57,D&H85,1.565,42.41,0,1985,0,0,0,0,0,0,0,1,1965,1981,1973.0,17,17,0,0,0,0,0,1,1,0,0,0,0,0
395,57,D&H85,0.653,1.74,0,1985,0,0,0,0,0,0,0,1,1965,1981,1973.0,17,17,0,0,0,0,0,1,1,0,0,0,0,0
396,57,D&H85,1.032,7.71,0,1985,0,0,0,0,0,0,0,1,1965,1981,1973.0,17,17,0,0,0,0,0,1,1,0,0,0,0,0
397,57,D&H85,1.178,14.39,0,1985,0,0,0,0,0,0,0,1,1965,1981,1973.0,17,17,0,0,0,0,0,1,1,0,0,0,0,0
398,57,D&H85,2.38,25.66,0,1985,0,0,0,0,0,0,0,1,1965,1981,1973.0,17,17,0,0,0,0,0,1,1,0,0,0,0,0
399,57,D&H85,1.115,9.82,0,1985,0,0,0,0,0,0,0,1,1965,1981,1973.0,17,17,0,0,0,0,0,1,1,0,0,0,0,0
400,57,D&H85,1.66,33.12,0,1985,0,0,0,0,0,0,0,1,1965,1981,1973.0,17,17,0,0,0,0,0,1,1,0,0,0,0,0
401,57,D&H85,1.843,40.23,0,1985,0,0,0,0,0,0,0,0,1965,1981,1973.0,17,17,0,0,0,0,0,1,1,0,0,0,0,0
402,57,D&H85,1.728,50.61,0,1985,0,0,0,0,0,0,0,1,1965,1981,1973.0,17,17,0,0,0,0,0,1,1,0,0,0,0,0
403,57,D&H85,1.157,23.56,0,1985,0,0,0,0,0,0,0,1,1965,1981,1973.0,17,17,0,0,0,0,0,1,1,0,0,0,0,0
404,57,D&H85,1.115,9.82,0,1985,0,0,0,0,0,0,0,1,1965,1981,1973.0,17,17,0,0,0,0,0,1,1,0,0,0,0,0
405,57,D&H85,0.053,0.15,0,1985,0,0,0,0,0,0,0,1,1965,1981,1973.0,17,17,0,1,0,0,0,1,1,0,0,0,0,0
406,57,D&H85,1.753,3.22,0,1985,0,0,0,0,0,0,0,1,1965,1981,1973.0,17,17,0,1,0,0,0,1,1,0,0,0,0,0
407,57,D&H85,-0.001,-0.002,0,1985,0,0,0,0,0,0,0,1,1965,1981,1973.0,17,17,0,1,0,0,0,1,1,0,0,0,0,0
408,57,D&H85,0.718,3.05,0,1985,0,0,0,0,0,0,0,1,1965,1981,1973.0,17,17,0,1,0,0,0,1,1,0,0,0,0,0
409,57,D&H85,0.693,7.13,0,1985,0,0,0,0,0,0,0,1,1965,1979,1972.0,15,15,0,1,0,0,0,1,1,0,0,0,0,0
410,57,D&H85,1.66,33.12,0,1985,0,0,0,0,0,0,0,1,1965,1979,1972.0,15,15,0,0,0,0,0,1,1,0,0,0,0,0
411,57,D&H85,0.995,29.89,0,1985,0,0,0,0,0,0,0,1,1965,1979,1972.0,15,15,0,0,0,0,0,1,1,0,0,0,0,0
412,57,D&H85,0.954,2.26,0,1985,0,0,0,0,0,0,0,1,1965,1979,1972.0,15,15,0,1,0,0,0,1,1,0,0,0,0,0
413,57,D&H85,0.048,0.17,0,1985,0,0,0,0,0,0,0,1,1965,1981,1973.0,17,17,0,1,0,0,0,1,1,0,0,0,0,0
414,57,D&H85,1.407,10.03,0,1985,0,0,0,0,0,0,0,1,1970,1981,1975.5,12,12,0,1,0,0,0,1,1,0,0,0,0,0
415,57,D&H85,1.237,18.88,0,1985,0,0,0,0,1,0,0,0,1965,1981,1973.0,17,17,0,1,0,0,0,1,1,0,0,0,0,0
416,57,D&H85,0.734,0.6,0,1985,0,0,0,0,0,0,0,1,1965,1981,1973.0,17,17,0,1,0,0,0,1,1,0,0,0,0,0
417,57,D&H85,0.573,1.57,0,1985,0,0,0,0,0,0,0,1,1965,1981,1973.0,17,17,0,1,0,0,0,1,1,0,0,0,0,0
418,57,D&H85,1.446,5.01,0,1985,0,0,0,0,0,0,0,1,1965,1981,1973.0,17,17,0,1,0,0,0,1,1,0,0,0,0,0
419,57,D&H85,2.322,7.46,0,1985,0,0,0,0,0,0,0,0,1965,1981,1973.0,17,17,0,1,0,0,0,1,1,0,0,0,0,0
420,57,D&H85,1.843,40.23,0,1985,0,0,0,0,0,0,0,0,1965,1981,1973.0,17,17,0,0,0,0,0,1,1,0,0,0,0,0
421,57,D&H85,1.58,8.46,0,1985,0,0,0,0,0,0,0,0,1965,1981,1973.0,17,17,0,1,0,0,0,1,1,0,0,0,0,0
422,57,D&H85,0.135,0.71,0,1985,0,0,0,0,0,0,0,0,1965,1981,1973.0,17,17,0,1,0,0,0,1,1,0,0,0,0,0
423,57,D&H85,1.827,9.99,0,1985,0,0,0,0,0,0,0,0,1965,1981,1973.0,17,17,0,1,0,0,0,1,1,0,0,0,0,0
424,57,D&H85,1.296,17.43,0,1985,0,0,1,0,0,0,0,0,1965,1981,1973.0,17,17,0,1,0,0,0,1,1,0,0,0,0,0
425,57,D&H85,1.952,9.81,0,1985,0,0,0,1,0,0,0,0,1965,1981,1973.0,17,17,0,1,0,0,0,1,1,0,0,0,0,0
426,57,D&H85,2.072,20.73,0,1985,0,0,0,0,0,0,0,0,1965,1981,1973.0,17,17,0,1,0,0,0,1,1,0,0,0,0,0
427,57,D&H85,1.602,7.49,0,1985,0,0,0,0,0,0,0,0,1965,1981,1973.0,17,17,0,1,0,0,0,1,1,0,0,0,0,0
428,57,D&H85,1.593,4.7,0,1985,0,0,0,0,0,0,0,0,1965,1981,1973.0,17,17,0,1,0,0,0,1,1,0,0,0,0,0
429,57,D&H85,1.191,4.91,0,1985,0,0,0,0,0,0,0,0,1965,1981,1973.0,17,17,0,1,0,0,0,1,1,0,0,0,0,0
430,57,D&H85,2.466,10.09,0,1985,0,0,0,0,0,0,0,0,1965,1981,1973.0,17,17,0,1,0,0,0,1,1,0,0,0,0,0
431,57,D&H85,0.339,0.78,0,1985,0,0,0,0,0,1,0,0,1965,1981,1973.0,17,17,0,1,0,0,0,1,1,0,0,0,0,0
432,57,D&H85,1.952,10.33,0,1985,0,0,0,0,0,0,0,0,1965,1981,1973.0,17,17,0,1,0,0,0,1,1,0,0,0,0,0
433,57,D&H85,1.566,8.28,0,1985,0,0,0,0,0,0,0,0,1965,1981,1973.0,17,17,0,1,0,0,0,1,1,0,0,0,0,0
434,57,D&H85,1.679,9.59,0,1985,0,0,0,0,0,0,0,1,1965,1981,1973.0,17,17,0,0,0,0,0,1,1,0,0,0,0,0
435,57,D&H85,0.855,14.07,0,1985,0,1,0,0,0,0,0,0,1965,1981,1973.0,17,17,0,1,0,0,0,1,1,0,0,0,0,0
436,57,D&H85,1.127,3.52,0,1985,0,0,0,0,0,0,0,1,1970,1981,1975.5,12,12,0,1,0,0,0,1,1,0,0,0,0,0
437,57,D&H85,1.094,2.05,0,1985,0,0,0,0,0,0,0,1,1965,1981,1973.0,17,17,0,1,0,0,0,1,1,0,0,0,0,0
438,57,D&H85,1.253,10.65,0,1985,0,0,0,0,0,0,0,0,1965,1979,1972.0,15,15,0,1,0,0,0,1,1,0,0,0,0,0
439,57,D&H85,1.199,3.62,0,1985,0,0,0,0,0,0,0,1,1965,1979,1972.0,15,15,0,1,0,0,0,1,1,0,0,0,0,0
440,57,D&H85,1.118,5.84,0,1985,0,0,0,0,0,0,1,0,1965,1981,1973.0,17,17,0,1,0,0,0,1,1,0,0,0,0,0
441,57,D&H85,1.157,23.56,0,1985,0,0,0,0,0,0,0,1,1965,1981,1973.0,17,17,0,0,0,0,0,1,1,0,0,0,0,0
442,57,D&H85,0.659,1.41,0,1985,0,0,0,0,0,0,0,1,1965,1981,1973.0,17,17,0,1,0,0,0,1,1,0,0,0,0,0
443,57,D&H85,2.448,9.47,0,1985,0,0,0,0,0,0,0,1,1965,1981,1973.0,17,17,0,1,0,0,0,1,1,0,0,0,0,0
444,57,D&H85,0.835,3.56,0,1985,0,0,0,0,0,0,0,1,1965,1981,1973.0,17,17,0,1,0,0,0,1,1,0,0,0,0,0
445,57,D&H85,1.167,5.24,0,1985,0,0,0,0,0,0,0,1,1965,1981,1973.0,17,17,0,1,0,0,0,1,1,0,0,0,0,0
446,57,D&H85,0.892,13.48,0,1985,0,0,0,0,0,0,0,1,1965,1970,1967.5,6,6,0,1,0,0,0,1,1,0,0,0,0,0
447,57,D&H85,1.234,2.31,0,1985,0,0,0,0,0,0,0,1,1970,1980,1975.0,11,11,0,1,0,0,0,1,1,0,0,0,0,0
448,57,D&H85,1.463,2.48,0,1985,0,0,0,0,0,0,0,1,1965,1981,1973.0,17,17,0,1,0,0,0,1,1,0,0,0,0,0
449,57,D&H85,1.064,1.71,0,1985,0,0,0,0,0,0,0,1,1965,1980,1972.5,16,16,0,1,0,0,0,1,1,0,0,0,0,0
450,57,D&H85,1.271,12.7,0,1985,0,0,0,0,0,0,0,1,1965,1981,1973.0,17,17,0,1,0,0,0,1,1,0,0,0,0,0
451,57,D&H85,1.068,5.45,0,1985,1,0,0,0,0,0,0,0,1965,1981,1973.0,17,17,0,1,0,0,0,1,1,0,0,0,0,0
452,57,D&H85,-0.226,-6.6,0,1985,0,0,0,0,0,0,0,1,1965,1982,1973.5,18,18,0,0,0,0,1,1,1,0,0,0,0,0
453,57,D&H85,-0.673,-4.37,0,1985,0,0,0,0,0,0,0,1,1965,1982,1973.5,18,18,0,0,0,0,1,1,1,0,0,0,0,0
454,57,D&H85,-0.091,-0.44,0,1985,0,0,0,0,0,0,0,1,1965,1982,1973.5,18,18,0,0,0,0,1,1,1,0,0,0,0,0
455,57,D&H85,-0.541,-6.37,0,1985,0,0,0,0,0,0,0,0,1965,1982,1973.5,18,18,0,0,0,0,1,1,1,0,0,0,0,0
456,57,D&H85,0.591,9.09,0,1985,0,0,0,0,0,0,0,1,1965,1982,1973.5,18,18,0,0,0,0,1,1,1,0,0,0,0,0
457,57,D&H85,0.287,1.45,0,1985,0,0,0,0,0,0,0,1,1965,1980,1972.5,16,16,0,0,0,0,0,1,1,0,0,0,0,0
458,57,D&H85,0.395,4.01,0,1985,0,0,0,0,0,0,0,1,1965,1982,1973.5,18,18,0,0,0,0,1,1,1,0,0,0,0,0
468,61,Dah78,0.322,2.21,1,1978,0,0,0,0,0,0,1,0,1936,1972,1954.0,37,37,0,1,0,0,1,1,0,1,0,0,0,0
469,61,Dah78,0.334,8.14,1,1978,0,1,0,0,0,0,0,0,1954,1973,1963.5,20,20,0,0,0,0,1,1,0,1,0,0,0,0
470,61,Dah78,0.48,7.42,1,1978,0,0,0,0,0,0,0,0,1960,1970,1965.0,11,11,0,0,0,0,1,1,0,1,0,0,0,0
471,62,Dah79,0.322,2.213,1,1979,0,0,0,0,0,0,1,0,1936,1972,1954.0,37,37,0,1,0,0,1,1,0,1,0,0,0,0
476,65,DAM87,1.021,24.303,0,1987,0,0,0,0,0,0,0,1,1965,1981,1973.0,17,17,0,1,0,0,0,1,1,0,0,0,0,0
478,65,DAM87,0.582,2.723,0,1987,0,0,0,0,0,0,0,1,1965,1981,1973.0,17,17,0,1,0,0,0,1,1,0,0,0,0,0
479,65,DAM87,1.911,0.699,0,1987,0,0,0,0,0,0,0,1,1965,1981,1973.0,17,17,0,1,0,0,1,1,1,0,0,0,0,0
480,65,DAM87,0.162,0.318,0,1987,0,0,0,0,0,0,0,1,1965,1981,1973.0,17,17,0,1,0,0,1,1,1,0,0,0,0,0
481,66,Dap84,1.06,26.1,0,1984,0,0,0,0,0,0,0,1,1970,1983,1976.5,14,14,0,1,0,0,0,0,1,0,0,0,0,0
499,68,Dar88,1.91,43.9,0,1988,0,0,0,0,0,0,0,0,1960,1985,1972.5,26,26,0,1,0,0,0,1,1,0,0,0,0,0
514,71,Des85qd&s90b,1.45,69.0,0,1985,0,0,1,0,0,0,0,0,1962,1983,1972.5,22,22,0,1,0,0,0,1,1,0,0,0,0,0
515,71,Des85qd&s90b,1.35,77.0,0,1985,0,0,1,0,0,0,0,0,1962,1983,1972.5,22,22,0,1,0,0,0,1,1,0,0,0,0,0
517,71,Des85qd&s90b,0.54,5.0,0,1985,0,0,1,0,0,0,0,0,1962,1983,1972.5,22,22,0,1,0,0,1,1,1,0,0,0,0,0
518,71,Des85qd&s90b,0.86,7.0,0,1985,0,0,1,0,0,0,0,0,1962,1983,1972.5,22,22,0,1,0,0,1,1,1,0,0,0,0,0
519,71,Des85qd&s90b,1.53,60.0,0,1985,0,0,1,0,0,0,0,0,1962,1983,1972.5,22,22,0,1,0,0,0,1,1,0,0,0,0,0
520,72,DGL85,0.012,0.03,0,1985,0,1,0,0,0,0,0,0,1956,1971,1963.5,16,192,0,1,0,1,0,1,0,0,0,1,0,0
521,72,DGL85,-0.108,-0.18,0,1985,0,1,0,0,0,0,0,0,1956,1971,1963.5,16,192,0,1,0,1,0,1,0,0,0,1,0,0
522,72,DGL85,-0.256,-0.42,0,1985,0,1,0,0,0,0,0,0,1956,1971,1963.5,16,192,0,1,0,1,0,1,0,0,0,1,0,0
523,73,DHW74,0.88,8.8,0,1974,0,1,0,0,0,0,0,0,1956,1974,1965.0,19,19,0,0,0,0,1,1,1,0,0,0,0,0
524,73,DHW74,0.69,7.5,0,1974,0,1,0,0,0,0,0,0,1956,1974,1965.0,19,19,0,0,0,0,1,1,1,0,0,0,0,0
525,73,DHW74,0.69,7.5,0,1974,0,1,0,0,0,0,0,0,1956,1974,1965.0,19,19,0,0,0,0,1,1,1,0,0,0,0,0
526,73,DHW74,0.69,7.5,0,1974,0,1,0,0,0,0,0,0,1956,1974,1965.0,19,19,0,0,0,0,1,1,1,0,0,0,0,0
527,73,DHW74,0.69,7.5,0,1974,0,1,0,0,0,0,0,0,1956,1974,1965.0,19,19,0,0,0,0,1,1,1,0,0,0,0,0
528,73,DHW74,0.69,7.5,0,1974,0,1,0,0,0,0,0,0,1956,1974,1965.0,19,19,0,0,0,0,1,1,1,0,0,0,0,0
529,73,DHW74,0.69,7.5,0,1974,0,1,0,0,0,0,0,0,1956,1974,1965.0,19,19,0,0,0,0,1,1,1,0,0,0,0,0
530,73,DHW74,0.69,7.5,0,1974,0,1,0,0,0,0,0,0,1956,1974,1965.0,19,19,0,0,0,0,1,1,1,0,0,0,0,0
531,73,DHW74,0.69,7.5,0,1974,0,1,0,0,0,0,0,0,1956,1974,1965.0,19,19,0,0,0,0,1,1,1,0,0,0,0,0
532,73,DHW74,1.01,11.5,0,1974,0,1,0,0,0,0,0,0,1956,1974,1965.0,19,19,0,0,0,0,0,0,1,0,0,0,0,0
533,73,DHW74,0.83,10.5,0,1974,0,1,0,0,0,0,0,0,1956,1974,1965.0,19,19,0,0,0,0,1,0,1,0,0,0,0,0
534,73,DHW74,0.83,10.5,0,1974,0,1,0,0,0,0,0,0,1956,1974,1965.0,19,19,0,0,0,0,1,0,1,0,0,0,0,0
535,73,DHW74,0.83,10.5,0,1974,0,1,0,0,0,0,0,0,1956,1974,1965.0,19,19,0,0,0,0,1,0,1,0,0,0,0,0
536,73,DHW74,0.83,10.5,0,1974,0,1,0,0,0,0,0,0,1956,1974,1965.0,19,19,0,0,0,0,1,0,1,0,0,0,0,0
537,73,DHW74,0.83,10.5,0,1974,0,1,0,0,0,0,0,0,1956,1974,1965.0,19,19,0,0,0,0,1,0,1,0,0,0,0,0
538,73,DHW74,0.83,10.5,0,1974,0,1,0,0,0,0,0,0,1956,1974,1965.0,19,19,0,0,0,0,1,0,1,0,0,0,0,0
539,73,DHW74,0.83,10.5,0,1974,0,1,0,0,0,0,0,0,1956,1974,1965.0,19,19,0,0,0,0,1,0,1,0,0,0,0,0
540,73,DHW74,0.83,10.5,0,1974,0,1,0,0,0,0,0,0,1956,1974,1965.0,19,19,0,0,0,0,1,0,1,0,0,0,0,0
541,73,DHW74,1.57,7.7,0,1974,0,1,0,0,0,0,0,0,1956,1974,1965.0,19,19,0,0,0,0,1,0,1,0,0,0,0,0
542,73,DHW74,1.24,6.3,0,1974,0,1,0,0,0,0,0,0,1956,1974,1965.0,19,19,0,0,0,0,1,0,1,0,0,0,0,0
543,73,DHW74,1.24,6.3,0,1974,0,1,0,0,0,0,0,0,1956,1974,1965.0,19,19,0,0,0,0,1,0,1,0,0,0,0,0
544,73,DHW74,1.24,6.3,0,1974,0,1,0,0,0,0,0,0,1956,1974,1965.0,19,19,0,0,0,0,1,0,1,0,0,0,0,0
545,73,DHW74,1.24,6.3,0,1974,0,1,0,0,0,0,0,0,1956,1974,1965.0,19,19,0,0,0,0,1,0,1,0,0,0,0,0
546,73,DHW74,1.24,6.3,0,1974,0,1,0,0,0,0,0,0,1956,1974,1965.0,19,19,0,0,0,0,1,0,1,0,0,0,0,0
547,73,DHW74,1.24,6.3,0,1974,0,1,0,0,0,0,0,0,1956,1974,1965.0,19,19,0,0,0,0,1,0,1,0,0,0,0,0
548,73,DHW74,1.24,6.3,0,1974,0,1,0,0,0,0,0,0,1956,1974,1965.0,19,19,0,0,0,0,1,0,1,0,0,0,0,0
549,73,DHW74,1.24,6.3,0,1974,0,1,0,0,0,0,0,0,1956,1974,1965.0,19,19,0,0,0,0,1,0,1,0,0,0,0,0
559,73,DHW74,0.43,-10.1,0,1974,0,1,0,0,0,0,0,0,1956,1974,1965.0,19,19,0,0,0,0,1,1,1,0,0,0,0,0
560,73,DHW74,0.376,-9.1,0,1974,0,1,0,0,0,0,0,0,1956,1974,1965.0,19,19,0,0,0,0,1,1,1,0,0,0,0,0
561,73,DHW74,0.376,-9.1,0,1974,0,1,0,0,0,0,0,0,1956,1974,1965.0,19,19,0,0,0,0,1,1,1,0,0,0,0,0
562,73,DHW74,0.376,-9.1,0,1974,0,1,0,0,0,0,0,0,1956,1974,1965.0,19,19,0,0,0,0,1,1,1,0,0,0,0,0
563,73,DHW74,0.376,-9.1,0,1974,0,1,0,0,0,0,0,0,1956,1974,1965.0,19,19,0,0,0,0,1,1,1,0,0,0,0,0
564,73,DHW74,0.376,-9.1,0,1974,0,1,0,0,0,0,0,0,1956,1974,1965.0,19,19,0,0,0,0,1,1,1,0,0,0,0,0
565,73,DHW74,0.376,-9.1,0,1974,0,1,0,0,0,0,0,0,1956,1974,1965.0,19,19,0,0,0,0,1,1,1,0,0,0,0,0
566,73,DHW74,0.376,-9.1,0,1974,0,1,0,0,0,0,0,0,1956,1974,1965.0,19,19,0,0,0,0,1,1,1,0,0,0,0,0
567,73,DHW74,0.376,-9.1,0,1974,0,1,0,0,0,0,0,0,1956,1974,1965.0,19,19,0,0,0,0,1,1,1,0,0,0,0,0
568,74,DHW75,0.83,8.03,0,1975,0,1,0,0,0,0,0,0,1956,1972,1964.0,17,17,0,0,0,0,1,1,1,0,0,0,0,0
569,74,DHW75,0.82,8.31,0,1975,0,1,0,0,0,0,0,0,1956,1972,1964.0,17,17,0,0,0,0,1,1,1,0,0,0,0,0
570,74,DHW75,0.82,8.31,0,1975,0,1,0,0,0,0,0,0,1956,1972,1964.0,17,17,0,0,0,0,1,1,1,0,0,0,0,0
571,74,DHW75,0.82,8.31,0,1975,0,1,0,0,0,0,0,0,1956,1972,1964.0,17,17,0,0,0,0,1,1,1,0,0,0,0,0
572,74,DHW75,0.82,8.31,0,1975,0,1,0,0,0,0,0,0,1956,1972,1964.0,17,17,0,0,0,0,1,1,1,0,0,0,0,0
573,74,DHW75,0.82,8.31,0,1975,0,1,0,0,0,0,0,0,1956,1972,1964.0,17,17,0,0,0,0,1,1,1,0,0,0,0,0
574,74,DHW75,0.82,8.31,0,1975,0,1,0,0,0,0,0,0,1956,1972,1964.0,17,17,0,0,0,0,1,1,1,0,0,0,0,0
575,74,DHW75,0.82,8.31,0,1975,0,1,0,0,0,0,0,0,1956,1972,1964.0,17,17,0,0,0,0,1,1,1,0,0,0,0,0
576,74,DHW75,0.82,8.31,0,1975,0,1,0,0,0,0,0,0,1956,1972,1964.0,17,17,0,0,0,0,1,1,1,0,0,0,0,0
577,74,DHW75,0.91,7.41,0,1975,0,1,0,0,0,0,0,0,1956,1972,1964.0,17,17,0,0,0,0,1,0,1,0,0,0,0,0
578,74,DHW75,0.91,7.3,0,1975,0,1,0,0,0,0,0,0,1956,1972,1964.0,17,17,0,0,0,0,1,0,1,0,0,0,0,0
579,74,DHW75,0.91,7.3,0,1975,0,1,0,0,0,0,0,0,1956,1972,1964.0,17,17,0,0,0,0,1,0,1,0,0,0,0,0
580,74,DHW75,0.91,7.3,0,1975,0,1,0,0,0,0,0,0,1956,1972,1964.0,17,17,0,0,0,0,1,0,1,0,0,0,0,0
581,74,DHW75,0.91,7.3,0,1975,0,1,0,0,0,0,0,0,1956,1972,1964.0,17,17,0,0,0,0,1,0,1,0,0,0,0,0
582,74,DHW75,0.91,7.3,0,1975,0,1,0,0,0,0,0,0,1956,1972,1964.0,17,17,0,0,0,0,1,0,1,0,0,0,0,0
583,74,DHW75,0.91,7.3,0,1975,0,1,0,0,0,0,0,0,1956,1972,1964.0,17,17,0,0,0,0,1,0,1,0,0,0,0,0
584,74,DHW75,0.91,7.3,0,1975,0,1,0,0,0,0,0,0,1956,1972,1964.0,17,17,0,0,0,0,1,0,1,0,0,0,0,0
585,74,DHW75,0.91,7.3,0,1975,0,1,0,0,0,0,0,0,1956,1972,1964.0,17,17,0,0,0,0,1,0,1,0,0,0,0,0
604,74,DHW75,0.37,8.6,0,1975,0,1,0,0,0,0,0,0,1956,1972,1964.0,17,17,0,0,0,0,1,1,1,0,0,0,0,0
605,74,DHW75,0.36,8.0,0,1975,0,1,0,0,0,0,0,0,1956,1972,1964.0,17,17,0,0,0,0,1,1,1,0,0,0,0,0
606,74,DHW75,0.36,8.0,0,1975,0,1,0,0,0,0,0,0,1956,1972,1964.0,17,17,0,0,0,0,1,1,1,0,0,0,0,0
607,74,DHW75,0.36,8.0,0,1975,0,1,0,0,0,0,0,0,1956,1972,1964.0,17,17,0,0,0,0,1,1,1,0,0,0,0,0
608,74,DHW75,0.36,8.0,0,1975,0,1,0,0,0,0,0,0,1956,1972,1964.0,17,17,0,0,0,0,1,1,1,0,0,0,0,0
609,74,DHW75,0.36,8.0,0,1975,0,1,0,0,0,0,0,0,1956,1972,1964.0,17,17,0,0,0,0,1,1,1,0,0,0,0,0
610,74,DHW75,0.36,8.0,0,1975,0,1,0,0,0,0,0,0,1956,1972,1964.0,17,17,0,0,0,0,1,1,1,0,0,0,0,0
611,74,DHW75,0.36,8.0,0,1975,0,1,0,0,0,0,0,0,1956,1972,1964.0,17,17,0,0,0,0,1,1,1,0,0,0,0,0
612,74,DHW75,0.36,8.0,0,1975,0,1,0,0,0,0,0,0,1956,1972,1964.0,17,17,0,0,0,0,1,1,1,0,0,0,0,0
697,78,Don84d=Don87,1.09,15.723,1,1984,1,0,0,0,0,0,0,0,1955,1976,1965.5,22,22,0,1,0,0,0,1,0,0,0,0,0,0
912,83,Dro84,1.13,12.4,1,1984,0,0,0,0,0,0,0,0,1977,1977,1977.0,1,1,1,0,0,0,0,1,0,0,0,1,0,0
913,83,Dro84,0.83,2.5,1,1984,0,0,0,0,0,0,0,0,1977,1977,1977.0,1,1,1,0,0,0,1,1,0,0,0,1,0,0
920,87,E&S93,-0.27,-2.231404958677686,0,1993,0,0,0,0,0,0,0,0,1970,1988,1979.0,19,19,0,1,0,0,1,1,0,0,0,1,0,0
921,87,E&S93,0.22,0.5250596658711217,0,1993,0,0,1,0,0,0,0,0,1970,1988,1979.0,19,19,0,1,0,0,1,1,0,0,0,1,0,0
922,87,E&S93,0.21,0.27851458885941643,0,1993,0,0,0,1,0,0,0,0,1970,1988,1979.0,19,19,0,1,0,0,1,1,0,0,0,1,0,0
923,87,E&S93,2.03,4.2468619246861925,0,1993,0,0,0,0,0,0,0,0,1970,1988,1979.0,19,19,0,1,0,0,1,1,0,0,0,1,0,0
924,87,E&S93,-0.37,-2.3270440251572326,0,1993,0,0,0,0,1,0,0,0,1970,1988,1979.0,19,19,0,1,0,0,1,1,0,0,0,1,0,0
925,87,E&S93,0.54,1.5041782729805016,0,1993,0,0,0,0,0,0,0,0,1970,1988,1979.0,19,19,0,1,0,0,1,1,0,0,0,1,0,0
926,87,E&S93,-0.02,-0.07905138339920949,0,1993,0,0,0,0,0,1,0,0,1970,1988,1979.0,19,19,0,1,0,0,1,1,0,0,0,1,0,0
927,87,E&S93,0.59,2.0557491289198606,0,1993,0,0,0,0,0,0,0,0,1970,1988,1979.0,19,19,0,1,0,0,1,1,0,0,0,1,0,0
928,87,E&S93,0.18,0.8955223880597014,0,1993,0,0,0,0,0,0,1,0,1970,1988,1979.0,19,19,0,1,0,0,1,1,0,0,0,1,0,0
930,89,Elt03,0.0367,2.11,1,2003,0,0,0,0,0,0,0,1,1975,2000,1987.5,26,26,0,1,0,0,1,1,1,0,0,0,0,0
931,90,Elt04,0.0367,2.11,1,2004,0,0,0,0,0,0,0,1,1980,2000,1990.0,21,21,0,1,0,0,1,1,1,0,0,0,0,0
932,91,Elt93,0.1466,2.045,1,1993,0,1,0,0,0,0,0,0,1969,1988,1978.5,20,20,0,0,0,0,1,1,1,0,0,0,0,0
938,93,Elt96c,0.1213,1.543,1,1996,0,0,0,0,0,0,0,1,1975,1989,1982.0,15,15,0,1,0,0,0,1,0,0,0,0,1,0
939,93,Elt96c,0.4219,4.714,1,1996,0,0,0,0,0,0,0,1,1975,1989,1982.0,15,15,0,0,0,0,0,1,0,0,0,0,1,0
942,94,Elt99,0.0367,2.11,1,1999,0,0,0,0,0,0,0,1,1975,1995,1985.0,21,21,0,1,0,0,1,1,1,0,0,0,0,0
948,96,F&G86,-0.039,-0.12,0,1986,0,0,0,1,0,0,0,0,1968,1983,1975.5,16,16,0,1,0,0,1,1,1,0,0,0,0,0
949,96,F&G86,-0.224,-0.12,0,1986,0,0,0,1,0,0,0,0,1968,1983,1975.5,16,16,0,1,0,0,1,1,1,0,0,0,0,0
950,96,F&G86,-0.108,-0.33,0,1986,0,0,0,1,0,0,0,0,1968,1983,1975.5,16,16,0,1,0,0,1,1,0,0,0,0,0,0
951,96,F&G86,0.134,0.43,0,1986,0,0,0,1,0,0,0,0,1968,1983,1975.5,16,16,0,1,0,0,1,1,0,0,0,0,0,0
952,96,F&G86,0.247,0.97,0,1986,0,0,0,1,0,0,0,0,1968,1983,1975.5,16,16,0,1,0,0,1,1,0,0,0,0,0,0
953,96,F&G86,0.203,0.79,0,1986,0,0,0,1,0,0,0,0,1968,1983,1975.5,16,16,0,1,0,0,1,1,0,0,0,0,0,0
954,96,F&G86,0.315,1.19,0,1986,0,0,0,1,0,0,0,0,1968,1983,1975.5,16,16,0,1,0,0,1,1,0,0,0,0,0,0
955,96,F&G86,0.231,0.92,0,1986,0,0,0,1,0,0,0,0,1968,1983,1975.5,16,16,0,1,0,0,1,1,0,0,0,0,0,0
956,96,F&G86,0.246,1.09,0,1986,0,0,0,1,0,0,0,0,1968,1983,1975.5,16,16,0,1,0,0,1,1,0,0,0,0,0,0
957,97,F&S95=Fra95=S&F94=Ste90,1.15,6.16,0,1995,0,0,0,0,0,0,0,0,1970,1970,1970.0,1,1,1,0,0,0,0,1,1,0,0,0,0,0
958,97,F&S95=Fra95=S&F94=Ste90,1.25,6.86,0,1995,0,0,0,0,0,0,0,0,1971,1971,1971.0,1,1,1,0,0,0,0,1,1,0,0,0,0,0
959,97,F&S95=Fra95=S&F94=Ste90,1.23,7.15,0,1995,0,0,0,0,0,0,0,0,1972,1972,1972.0,1,1,1,0,0,0,0,1,1,0,0,0,0,0
960,97,F&S95=Fra95=S&F94=Ste90,1.39,8.5,0,1995,0,0,0,0,0,0,0,0,1973,1973,1973.0,1,1,1,0,0,0,0,1,1,0,0,0,0,0
961,97,F&S95=Fra95=S&F94=Ste90,1.28,6.95,0,1995,0,0,0,0,0,0,0,0,1974,1974,1974.0,1,1,1,0,0,0,0,1,1,0,0,0,0,0
962,97,F&S95=Fra95=S&F94=Ste90,1.2,5.62,0,1995,0,0,0,0,0,0,0,0,1975,1975,1975.0,1,1,1,0,0,0,0,1,1,0,0,0,0,0
963,97,F&S95=Fra95=S&F94=Ste90,1.25,6.12,0,1995,0,0,0,0,0,0,0,0,1976,1976,1976.0,1,1,1,0,0,0,0,1,1,0,0,0,0,0
964,97,F&S95=Fra95=S&F94=Ste90,1.26,6.8,0,1995,0,0,0,0,0,0,0,0,1977,1977,1977.0,1,1,1,0,0,0,0,1,1,0,0,0,0,0
965,97,F&S95=Fra95=S&F94=Ste90,0.92,4.68,0,1995,0,0,0,0,0,0,0,0,1978,1978,1978.0,1,1,1,0,0,0,0,1,1,0,0,0,0,0
966,97,F&S95=Fra95=S&F94=Ste90,0.92,3.96,0,1995,0,0,0,0,0,0,0,0,1979,1979,1979.0,1,1,1,0,0,0,0,1,1,0,0,0,0,0
967,97,F&S95=Fra95=S&F94=Ste90,0.88,4.83,0,1995,0,0,0,0,0,0,0,0,1980,1980,1980.0,1,1,1,0,0,0,0,1,1,0,0,0,0,0
968,97,F&S95=Fra95=S&F94=Ste90,1.08,5.93,0,1995,0,0,0,0,0,0,0,0,1981,1981,1981.0,1,1,1,0,0,0,0,1,1,0,0,0,0,0
969,97,F&S95=Fra95=S&F94=Ste90,0.82,3.98,0,1995,0,0,0,0,0,0,0,0,1982,1982,1982.0,1,1,1,0,0,0,0,1,1,0,0,0,0,0
970,97,F&S95=Fra95=S&F94=Ste90,1.0,4.9,0,1995,0,0,0,0,0,0,0,0,1983,1983,1983.0,1,1,1,0,0,0,0,1,1,0,0,0,0,0
971,97,F&S95=Fra95=S&F94=Ste90,0.82,3.79,0,1995,0,0,0,0,0,0,0,0,1984,1984,1984.0,1,1,1,0,0,0,0,1,1,0,0,0,0,0
972,97,F&S95=Fra95=S&F94=Ste90,1.02,4.6,0,1995,0,0,0,0,0,0,0,0,1985,1985,1985.0,1,1,1,0,0,0,0,1,1,0,0,0,0,0
979,97,F&S95=Fra95=S&F94=Ste90,1.09,6.08,0,1995,0,0,0,0,0,0,0,0,1963,1985,1974.0,23,23,0,0,0,0,0,1,1,0,0,0,0,0
988,98,FCL91,1.188,5.69,0,1991,0,0,1,0,0,0,0,0,1962,1990,1976.0,29,29,0,1,0,0,1,1,1,0,0,0,0,0
989,98,FCL91,0.653,16.76,0,1991,0,0,1,0,0,0,0,0,1962,1990,1976.0,29,29,0,1,0,0,1,1,0,0,0,0,0,0
1143,107,Fra94=Ste90,0.04,0.19,0,1994,0,0,0,0,0,0,0,0,1970,1970,1970.0,1,1,1,0,0,0,1,1,1,0,0,0,0,0
1144,107,Fra94=Ste90,0.15,0.65,0,1994,0,0,0,0,0,0,0,0,1971,1971,1971.0,1,1,1,0,0,0,1,1,1,0,0,0,0,0
1145,107,Fra94=Ste90,0.18,0.82,0,1994,0,0,0,0,0,0,0,0,1972,1972,1972.0,1,1,1,0,0,0,1,1,1,0,0,0,0,0
1146,107,Fra94=Ste90,0.32,1.19,0,1994,0,0,0,0,0,0,0,0,1973,1973,1973.0,1,1,1,0,0,0,1,1,1,0,0,0,0,0
1147,107,Fra94=Ste90,0.18,0.59,0,1994,0,0,0,0,0,0,0,0,1974,1974,1974.0,1,1,1,0,0,0,1,1,1,0,0,0,0,0
1148,107,Fra94=Ste90,0.02,0.06,0,1994,0,0,0,0,0,0,0,0,1975,1975,1975.0,1,1,1,0,0,0,1,1,1,0,0,0,0,0
1149,107,Fra94=Ste90,-0.03,-0.11,0,1994,0,0,0,0,0,0,0,0,1976,1976,1976.0,1,1,1,0,0,0,1,1,1,0,0,0,0,0
1150,107,Fra94=Ste90,0.15,0.5,0,1994,0,0,0,0,0,0,0,0,1977,1977,1977.0,1,1,1,0,0,0,1,1,1,0,0,0,0,0
1151,107,Fra94=Ste90,0.14,0.49,0,1994,0,0,0,0,0,0,0,0,1978,1978,1978.0,1,1,1,0,0,0,1,1,1,0,0,0,0,0
1152,107,Fra94=Ste90,-0.18,-0.6,0,1994,0,0,0,0,0,0,0,0,1979,1979,1979.0,1,1,1,0,0,0,1,1,1,0,0,0,0,0
1153,107,Fra94=Ste90,-0.04,-0.18,0,1994,0,0,0,0,0,0,0,0,1980,1980,1980.0,1,1,1,0,0,0,1,1,1,0,0,0,0,0
1154,107,Fra94=Ste90,-0.16,-0.76,0,1994,0,0,0,0,0,0,0,0,1981,1981,1981.0,1,1,1,0,0,0,1,1,1,0,0,0,0,0
1155,107,Fra94=Ste90,-0.17,-0.61,0,1994,0,0,0,0,0,0,0,0,1982,1982,1982.0,1,1,1,0,0,0,1,1,1,0,0,0,0,0
1156,107,Fra94=Ste90,-0.14,-0.58,0,1994,0,0,0,0,0,0,0,0,1983,1983,1983.0,1,1,1,0,0,0,1,1,1,0,0,0,0,0
1157,107,Fra94=Ste90,-0.1,-0.37,0,1994,0,0,0,0,0,0,0,0,1984,1984,1984.0,1,1,1,0,0,0,1,1,1,0,0,0,0,0
1158,107,Fra94=Ste90,-0.02,-0.06,0,1994,0,0,0,0,0,0,0,0,1985,1985,1985.0,1,1,1,0,0,0,1,1,1,0,0,0,0,0
1159,107,Fra94=Ste90,1.17,12.15,0,1994,0,0,0,0,0,0,0,0,1970,1970,1970.0,1,1,1,0,0,0,0,1,1,0,0,0,0,0
1160,107,Fra94=Ste90,1.18,13.31,0,1994,0,0,0,0,0,0,0,0,1971,1971,1971.0,1,1,1,0,0,0,0,1,1,0,0,0,0,0
1161,107,Fra94=Ste90,1.15,12.66,0,1994,0,0,0,0,0,0,0,0,1972,1972,1972.0,1,1,1,0,0,0,0,1,1,0,0,0,0,0
1162,107,Fra94=Ste90,1.12,11.05,0,1994,0,0,0,0,0,0,0,0,1973,1973,1973.0,1,1,1,0,0,0,0,1,1,0,0,0,0,0
1163,107,Fra94=Ste90,0.98,9.3,0,1994,0,0,0,0,0,0,0,0,1974,1974,1974.0,1,1,1,0,0,0,0,1,1,0,0,0,0,0
1164,107,Fra94=Ste90,0.99,10.37,0,1994,0,0,0,0,0,0,0,0,1975,1975,1975.0,1,1,1,0,0,0,0,1,1,0,0,0,0,0
1165,107,Fra94=Ste90,0.99,10.14,0,1994,0,0,0,0,0,0,0,0,1976,1976,1976.0,1,1,1,0,0,0,0,1,1,0,0,0,0,0
1166,107,Fra94=Ste90,0.97,10.36,0,1994,0,0,0,0,0,0,0,0,1977,1977,1977.0,1,1,1,0,0,0,0,1,1,0,0,0,0,0
1167,107,Fra94=Ste90,0.93,13.8,0,1994,0,0,0,0,0,0,0,0,1978,1978,1978.0,1,1,1,0,0,0,0,1,1,0,0,0,0,0
1168,107,Fra94=Ste90,0.92,10.1,0,1994,0,0,0,0,0,0,0,0,1979,1979,1979.0,1,1,1,0,0,0,0,1,1,0,0,0,0,0
1169,107,Fra94=Ste90,0.95,14.55,0,1994,0,0,0,0,0,0,0,0,1980,1980,1980.0,1,1,1,0,0,0,0,1,1,0,0,0,0,0
1170,107,Fra94=Ste90,1.06,14.19,0,1994,0,0,0,0,0,0,0,0,1981,1981,1981.0,1,1,1,0,0,0,0,1,1,0,0,0,0,0
1171,107,Fra94=Ste90,0.94,11.3,0,1994,0,0,0,0,0,0,0,0,1982,1982,1982.0,1,1,1,0,0,0,0,1,1,0,0,0,0,0
1172,107,Fra94=Ste90,0.97,12.3,0,1994,0,0,0,0,0,0,0,0,1983,1983,1983.0,1,1,1,0,0,0,0,1,1,0,0,0,0,0
1173,107,Fra94=Ste90,0.96,12.36,0,1994,0,0,0,0,0,0,0,0,1984,1984,1984.0,1,1,1,0,0,0,0,1,1,0,0,0,0,0
1174,107,Fra94=Ste90,0.72,6.17,0,1994,0,0,0,0,0,0,0,0,1985,1985,1985.0,1,1,1,0,0,0,0,1,1,0,0,0,0,0
1175,107,Fra94=Ste90,1.26,39.1,0,1994,0,0,0,0,0,0,0,0,1963,1985,1974.0,23,23,0,0,0,0,0,1,1,0,0,0,0,0
1176,107,Fra94=Ste90,1.34,48.5,0,1994,0,0,0,0,0,0,0,0,1963,1985,1974.0,23,23,0,0,0,0,0,1,1,0,0,0,0,0
1177,107,Fra94=Ste90,0.27,5.31,0,1994,0,0,0,0,0,0,0,0,1963,1985,1974.0,23,23,0,0,0,0,1,1,1,0,0,0,0,0
1179,107,Fra94=Ste90,0.8,8.1,0,1994,0,0,0,0,0,0,0,0,1963,1985,1974.0,23,23,0,0,0,0,0,1,0,0,0,0,0,1
1180,107,Fra94=Ste90,0.73,11.6,0,1994,0,0,0,0,0,0,0,0,1963,1985,1974.0,23,23,0,0,0,0,1,1,0,0,0,0,0,1
1183,107,Fra94=Ste90,0.73,11.6,0,1994,0,0,0,0,0,0,0,0,1963,1985,1974.0,23,23,0,0,0,0,1,1,0,0,0,0,0,1
1186,107,Fra94=Ste90,0.51,13.9,0,1994,0,0,0,0,0,0,0,0,1963,1985,1974.0,23,23,0,0,0,0,1,1,0,0,0,0,0,1
1189,107,Fra94=Ste90,0.66,13.5,0,1994,0,0,0,0,0,0,0,0,1963,1985,1974.0,23,23,0,0,0,0,1,1,0,0,0,0,0,1
1213,107,Fra94=Ste90,0.72,10.81,0,1994,0,1,0,0,0,0,0,0,1960,1985,1972.5,26,26,0,1,0,0,0,1,0,0,0,0,0,1
1214,107,Fra94=Ste90,0.74,8.24,0,1994,0,0,0,0,0,0,1,0,1960,1985,1972.5,26,26,0,1,0,0,0,1,0,0,0,0,0,1
1215,107,Fra94=Ste90,1.32,11.97,0,1994,0,0,0,0,0,0,0,0,1960,1985,1972.5,26,26,0,1,0,0,0,1,0,0,0,0,0,1
1216,107,Fra94=Ste90,1.29,36.46,0,1994,0,0,0,0,0,0,0,0,1960,1985,1972.5,26,26,0,1,0,0,0,1,0,0,0,0,0,1
1217,107,Fra94=Ste90,0.72,11.17,0,1994,0,0,0,0,0,0,0,0,1960,1985,1972.5,26,26,0,1,0,0,0,1,0,0,0,0,0,1
1218,107,Fra94=Ste90,1.46,14.15,0,1994,0,0,0,0,0,0,0,0,1960,1985,1972.5,26,26,0,1,0,0,0,1,0,0,0,0,0,1
1219,107,Fra94=Ste90,1.26,26.32,0,1994,0,0,1,0,0,0,0,0,1960,1985,1972.5,26,26,0,1,0,0,0,1,0,0,0,0,0,1
1220,107,Fra94=Ste90,1.8,13.5,0,1994,0,0,0,1,0,0,0,0,1960,1985,1972.5,26,26,0,1,0,0,0,1,0,0,0,0,0,1
1221,107,Fra94=Ste90,1.76,13.75,0,1994,0,0,0,0,0,0,0,0,1960,1985,1972.5,26,26,0,1,0,0,0,1,0,0,0,0,0,1
1222,107,Fra94=Ste90,1.42,21.1,0,1994,0,0,0,0,0,0,0,0,1960,1985,1972.5,26,26,0,1,0,0,0,1,0,0,0,0,0,1
1223,107,Fra94=Ste90,1.48,9.89,0,1994,0,0,0,0,0,0,0,0,1960,1985,1972.5,26,26,0,1,0,0,0,1,0,0,0,0,0,1
1224,107,Fra94=Ste90,1.06,15.41,0,1994,0,0,0,0,0,0,0,0,1960,1985,1972.5,26,26,0,1,0,0,0,1,0,0,0,0,0,1
1225,107,Fra94=Ste90,1.34,17.79,0,1994,0,0,0,0,0,0,0,0,1960,1985,1972.5,26,26,0,1,0,0,0,1,0,0,0,0,0,1
1226,107,Fra94=Ste90,2.03,7.31,0,1994,0,0,0,0,0,0,0,0,1960,1985,1972.5,26,26,0,1,0,0,0,1,0,0,0,0,0,1
1227,107,Fra94=Ste90,2.42,25.18,0,1994,0,0,0,0,0,0,0,0,1960,1985,1972.5,26,26,0,1,0,0,0,1,0,0,0,0,0,1
1228,107,Fra94=Ste90,1.41,14.9,0,1994,0,0,0,0,0,1,0,0,1950,1985,1967.5,36,36,0,1,0,0,0,1,0,0,0,0,0,1
1229,107,Fra94=Ste90,1.77,19.74,0,1994,0,0,0,0,0,0,0,0,1960,1985,1972.5,26,26,0,1,0,0,0,1,0,0,0,0,0,1
1230,107,Fra94=Ste90,1.54,13.1,0,1994,0,0,0,0,0,0,0,0,1960,1985,1972.5,26,26,0,1,0,0,0,1,0,0,0,0,0,1
1231,107,Fra94=Ste90,0.86,16.2,0,1994,1,0,0,0,0,0,0,0,1960,1985,1972.5,26,26,0,1,0,0,0,1,0,0,0,0,0,1
1232,107,Fra94=Ste90,1.37,30.77,0,1994,0,0,0,0,1,0,0,0,1960,1985,1972.5,26,26,0,1,0,0,0,1,0,0,0,0,0,1
1233,107,Fra94=Ste90,1.19,12.09,0,1994,0,0,0,0,0,0,0,0,1960,1985,1972.5,26,26,0,1,0,0,0,1,0,0,0,0,0,1
1234,107,Fra94=Ste90,0.34,0.76,0,1994,0,1,0,0,0,0,0,0,1960,1985,1972.5,26,26,0,1,0,0,1,1,0,0,0,0,0,1
1235,107,Fra94=Ste90,0.55,2.98,0,1994,0,0,0,0,0,0,1,0,1960,1985,1972.5,26,26,0,1,0,0,1,1,0,0,0,0,0,1
1236,107,Fra94=Ste90,-0.35,-0.79,0,1994,0,0,0,0,0,0,0,0,1960,1985,1972.5,26,26,0,1,0,0,1,1,0,0,0,0,0,1
1237,107,Fra94=Ste90,1.37,7.21,0,1994,0,0,0,0,0,0,0,0,1960,1985,1972.5,26,26,0,1,0,0,1,1,0,0,0,0,0,1
1238,107,Fra94=Ste90,-0.12,-0.54,0,1994,0,0,0,0,0,0,0,0,1960,1985,1972.5,26,26,0,1,0,0,1,1,0,0,0,0,0,1
1239,107,Fra94=Ste90,0.66,3.27,0,1994,0,0,0,0,0,0,0,0,1960,1985,1972.5,26,26,0,1,0,0,1,1,0,0,0,0,0,1
1240,107,Fra94=Ste90,1.31,5.17,0,1994,0,0,1,0,0,0,0,0,1960,1985,1972.5,26,26,0,1,0,0,1,1,0,0,0,0,0,1
1241,107,Fra94=Ste90,0.52,2.61,0,1994,0,0,0,1,0,0,0,0,1960,1985,1972.5,26,26,0,1,0,0,1,1,0,0,0,0,0,1
1242,107,Fra94=Ste90,0.87,14.07,0,1994,0,0,0,0,0,0,0,0,1960,1985,1972.5,26,26,0,1,0,0,1,1,0,0,0,0,0,1
1243,107,Fra94=Ste90,0.61,2.38,0,1994,0,0,0,0,0,0,0,0,1960,1985,1972.5,26,26,0,1,0,0,1,1,0,0,0,0,0,1
1244,107,Fra94=Ste90,-0.74,-1.71,0,1994,0,0,0,0,0,0,0,0,1960,1985,1972.5,26,26,0,1,0,0,1,1,0,0,0,0,0,1
1245,107,Fra94=Ste90,0.9,-2.13,0,1994,0,0,0,0,0,0,0,0,1960,1985,1972.5,26,26,0,1,0,0,1,1,0,0,0,0,0,1
1246,107,Fra94=Ste90,0.44,1.62,0,1994,0,0,0,0,0,0,0,0,1960,1985,1972.5,26,26,0,1,0,0,1,1,0,0,0,0,0,1
1247,107,Fra94=Ste90,0.01,0.05,0,1994,0,0,0,0,0,0,0,0,1960,1985,1972.5,26,26,0,1,0,0,1,1,0,0,0,0,0,1
1248,107,Fra94=Ste90,1.61,3.25,0,1994,0,0,0,0,0,0,0,0,1960,1985,1972.5,26,26,0,1,0,0,1,1,0,0,0,0,0,1
1249,107,Fra94=Ste90,0.61,10.3,0,1994,0,0,0,0,0,1,0,0,1950,1985,1967.5,36,36,0,1,0,0,1,1,0,0,0,0,0,1
1250,107,Fra94=Ste90,1.01,3.77,0,1994,0,0,0,0,0,0,0,0,1960,1985,1972.5,26,26,0,1,0,0,1,1,0,0,0,0,0,1
1251,107,Fra94=Ste90,0.65,3.18,0,1994,0,0,0,0,0,0,0,0,1960,1985,1972.5,26,26,0,1,0,0,1,1,0,0,0,0,0,1
1252,107,Fra94=Ste90,0.47,2.91,0,1994,1,0,0,0,0,0,0,0,1960,1985,1972.5,26,26,0,1,0,0,1,1,0,0,0,0,0,1
1253,107,Fra94=Ste90,0.43,2.46,0,1994,0,0,0,0,1,0,0,0,1960,1985,1972.5,26,26,0,1,0,0,1,1,0,0,0,0,0,1
1254,107,Fra94=Ste90,0.44,1.88,0,1994,0,0,0,0,0,0,0,0,1960,1985,1972.5,26,26,0,1,0,0,1,1,0,0,0,0,0,1
1320,112,Gal83,0.0714,1.4949748743718596,1,1983,0,1,0,0,0,0,0,0,1969,1979,1974.0,11,11,0,0,0,0,1,1,0,0,0,0,0,1
1322,112,Gal83,0.10965,2.4757281553398056,1,1983,0,1,0,0,0,0,0,0,1969,1979,1974.0,11,11,0,0,0,0,1,1,0,0,0,0,0,1
1330,115,Gar91,0.395,4.817073170731708,0,1991,0,0,0,0,0,0,1,0,1987,1987,1987.0,1,1,1,0,0,0,1,1,1,0,0,0,0,0
1331,115,Gar91,0.904,31.17241379310345,0,1991,0,0,0,0,0,0,1,0,1987,1987,1987.0,1,1,1,0,0,0,0,1,1,0,0,0,0,0
1332,116,Gat91,0.7,1.5,0,1991,0,0,0,0,0,0,1,0,1966,1989,1977.5,24,24,0,1,0,0,0,0,1,0,0,0,0,0
1333,116,Gat91,0.63,2.5,0,1991,0,0,0,0,0,0,1,0,1966,1989,1977.5,24,24,0,1,0,0,0,0,1,0,0,0,0,0
1334,116,Gat91,0.38,1.58,0,1991,0,0,0,0,0,0,1,0,1966,1989,1977.5,24,24,0,1,0,0,0,0,1,0,0,0,0,0
1339,118,Gat92b=Gat91,0.46,4.0,1,1992,0,0,0,0,0,0,1,0,1966,1989,1977.5,24,24,0,1,0,0,0,1,0,0,0,0,0,1
1341,120,GJF94,0.217,27.125,0,1994,0,0,0,0,0,0,1,0,1990,1991,1990.5,2,8,0,0,1,0,0,1,0,0,1,0,0,0
1342,120,GJF94,0.175,9.722222222222223,0,1994,0,0,0,0,0,0,1,0,1990,1991,1990.5,2,8,0,0,1,0,0,1,0,0,1,0,0,0
1343,120,GJF94,0.233,12.944444444444446,0,1994,0,0,0,0,0,0,1,0,1990,1991,1990.5,2,8,0,0,1,0,0,1,0,0,1,0,0,0
1344,120,GJF94,0.229,12.722222222222223,0,1994,0,0,0,0,0,0,1,0,1990,1991,1990.5,2,8,0,0,1,0,0,1,0,0,1,0,0,0
1345,120,GJF94,0.273,11.869565217391305,0,1994,0,0,0,0,0,0,1,0,1990,1991,1990.5,2,8,0,0,1,0,0,1,0,0,1,0,0,0
1346,120,GJF94,0.236,9.076923076923077,0,1994,0,0,0,0,0,0,1,0,1990,1991,1990.5,2,8,0,0,1,0,0,1,0,0,1,0,0,0
1347,120,GJF94,0.171,6.84,0,1994,0,0,0,0,0,0,1,0,1990,1991,1990.5,2,8,0,0,1,0,0,1,0,0,1,0,0,0
1348,120,GJF94,0.184,9.68421052631579,0,1994,0,0,0,0,0,0,1,0,1990,1991,1990.5,2,8,0,0,1,0,0,1,0,0,1,0,0,0
1349,120,GJF94,0.12,5.7142857142857135,0,1994,0,0,0,0,0,0,1,0,1990,1991,1990.5,2,8,0,0,1,0,0,1,0,0,1,0,0,0
1350,120,GJF94,0.248,10.333333333333334,0,1994,0,0,0,0,0,0,1,0,1990,1991,1990.5,2,8,0,0,1,0,0,1,0,0,1,0,0,0
1351,120,GJF94,0.043,1.7199999999999998,0,1994,0,0,0,0,0,0,1,0,1990,1991,1990.5,2,8,0,0,1,0,0,1,0,0,1,0,0,0
1352,120,GJF94,0.162,7.714285714285714,0,1994,0,0,0,0,0,0,1,0,1990,1991,1990.5,2,8,0,0,1,0,0,1,0,0,1,0,0,0
1353,120,GJF94,0.36,4.0,0,1994,0,0,0,0,0,0,1,0,1990,1991,1990.5,2,8,0,0,1,0,0,1,0,0,1,0,0,0
1354,120,GJF94,0.167,16.7,0,1994,0,0,0,0,0,0,1,0,1990,1991,1990.5,2,8,0,0,1,0,0,1,0,0,1,0,0,0
1355,120,GJF94,0.192,0.01,0,1994,0,0,0,0,0,0,1,0,1990,1991,1990.5,2,8,0,0,1,0,0,1,0,0,1,0,0,0
1356,120,GJF94,0.174,17.4,0,1994,0,0,0,0,0,0,1,0,1990,1991,1990.5,2,8,0,0,1,0,0,1,0,0,1,0,0,0
1357,120,GJF94,0.105,9.545454545454545,0,1994,0,0,0,0,0,0,1,0,1990,1991,1990.5,2,8,0,0,1,0,0,1,0,0,1,0,0,0
1358,121,GJF95,0.217,24.111111111111114,1,1995,0,0,0,0,0,0,1,0,1990,1991,1990.5,2,8,0,0,1,0,0,1,0,0,1,0,0,0
1359,121,GJF95,0.148,10.571428571428571,1,1995,0,0,0,0,0,0,1,0,1990,1991,1990.5,2,8,0,0,1,0,0,1,0,0,1,0,0,0
1360,121,GJF95,0.077,4.277777777777778,1,1995,0,0,0,0,0,0,1,0,1990,1991,1990.5,2,8,0,0,1,0,0,1,0,0,1,0,0,0
1361,121,GJF95,0.186,7.153846153846154,1,1995,0,0,0,0,0,0,1,0,1990,1991,1990.5,2,8,0,0,1,0,0,1,0,0,1,0,0,0
1362,121,GJF95,0.206,9.363636363636363,1,1995,0,0,0,0,0,0,1,0,1990,1991,1990.5,2,8,0,0,1,0,0,1,0,0,1,0,0,0
1363,121,GJF95,0.162,8.1,1,1995,0,0,0,0,0,0,1,0,1990,1991,1990.5,2,8,0,0,1,0,0,1,0,0,1,0,0,0
1364,121,GJF95,0.12,5.7142857142857135,1,1995,0,0,0,0,0,0,1,0,1990,1991,1990.5,2,8,0,0,1,0,0,1,0,0,1,0,0,0
1365,121,GJF95,0.0429,1.7875,1,1995,0,0,0,0,0,0,1,0,1990,1991,1990.5,2,8,0,0,1,0,0,1,0,0,1,0,0,0
1366,121,GJF95,0.358,4.068181818181818,1,1995,0,0,0,0,0,0,1,0,1990,1991,1990.5,2,8,0,0,1,0,0,1,0,0,1,0,0,0
1367,121,GJF95,0.171,7.125,1,1995,0,0,0,0,0,0,1,0,1990,1991,1990.5,2,8,0,0,1,0,0,1,0,0,1,0,0,0
1368,121,GJF95,0.185,9.25,1,1995,0,0,0,0,0,0,1,0,1990,1991,1990.5,2,8,0,0,1,0,0,1,0,0,1,0,0,0
1369,121,GJF95,0.247,9.148148148148149,1,1995,0,0,0,0,0,0,1,0,1990,1991,1990.5,2,8,0,0,1,0,0,1,0,0,1,0,0,0
1370,121,GJF95,0.175,9.722222222222223,1,1995,0,0,0,0,0,0,1,0,1990,1991,1990.5,2,8,0,0,1,0,0,1,0,0,1,0,0,0
1371,121,GJF95,0.233,12.263157894736842,1,1995,0,0,0,0,0,0,1,0,1990,1991,1990.5,2,8,0,0,1,0,0,1,0,0,1,0,0,0
1372,121,GJF95,0.228,12.666666666666668,1,1995,0,0,0,0,0,0,1,0,1990,1991,1990.5,2,8,0,0,1,0,0,1,0,0,1,0,0,0
1373,121,GJF95,0.273,11.375,1,1995,0,0,0,0,0,0,1,0,1990,1991,1990.5,2,8,0,0,1,0,0,1,0,0,1,0,0,0
1374,121,GJF95,0.236,1.0,1,1995,0,0,0,0,0,0,1,0,1990,1991,1990.5,2,8,0,0,1,0,0,1,0,0,1,0,0,0
1387,125,Gre81a,0.36,12.08,1,1981,0,0,0,0,0,0,1,0,1966,1977,1971.5,12,12,0,0,0,0,1,1,0,0,0,0,1,0
1388,125,Gre81a,0.37,0.89,1,1981,0,0,0,0,0,0,1,0,1966,1977,1971.5,12,12,0,0,0,0,1,1,0,0,0,0,1,0
1389,125,Gre81a,0.34,-1.92,1,1981,0,0,0,0,0,0,1,0,1966,1977,1971.5,12,12,0,0,0,0,1,1,0,0,0,0,1,0
1390,125,Gre81a,0.38,1.89,1,1981,0,0,0,0,0,0,1,0,1966,1977,1971.5,12,12,0,0,0,0,1,1,0,0,0,0,1,0
1391,125,Gre81a,0.39,4.11,1,1981,0,0,0,0,0,0,1,0,1966,1977,1971.5,12,12,0,0,0,0,1,1,0,0,0,0,1,0
1392,125,Gre81a,0.37,0.62,1,1981,0,0,0,0,0,0,1,0,1966,1977,1971.5,12,12,0,0,0,0,1,1,0,0,0,0,1,0
1393,125,Gre81a,0.39,3.75,1,1981,0,0,0,0,0,0,1,0,1966,1977,1971.5,12,12,0,0,0,0,1,1,0,0,0,0,1,0
1394,125,Gre81a,0.37,1.07,1,1981,0,0,0,0,0,0,1,0,1966,1977,1971.5,12,12,0,0,0,0,1,1,0,0,0,0,1,0
1395,125,Gre81a,0.37,1.7,1,1981,0,0,0,0,0,0,1,0,1966,1977,1971.5,12,12,0,0,0,0,1,1,0,0,0,0,1,0
1396,125,Gre81a,0.37,1.43,1,1981,0,0,0,0,0,0,1,0,1966,1977,1971.5,12,12,0,0,0,0,1,1,0,0,0,0,1,0
1397,125,Gre81a,0.38,12.28,1,1981,0,0,0,0,0,0,1,0,1966,1977,1971.5,12,12,0,0,0,0,1,1,0,0,0,0,1,0
1398,125,Gre81a,0.38,12.28,1,1981,0,0,0,0,0,0,1,0,1966,1977,1971.5,12,12,0,0,0,0,1,1,0,0,0,0,1,0
1399,125,Gre81a,0.38,12.28,1,1981,0,0,0,0,0,0,1,0,1966,1977,1971.5,12,12,0,0,0,0,1,1,0,0,0,0,1,0
1400,125,Gre81a,0.38,12.28,1,1981,0,0,0,0,0,0,1,0,1966,1977,1971.5,12,12,0,0,0,0,1,1,0,0,0,0,1,0
1401,125,Gre81a,0.38,12.28,1,1981,0,0,0,0,0,0,1,0,1966,1977,1971.5,12,12,0,0,0,0,1,1,0,0,0,0,1,0
1402,125,Gre81a,0.38,12.28,1,1981,0,0,0,0,0,0,1,0,1966,1977,1971.5,12,12,0,0,0,0,1,1,0,0,0,0,1,0
1403,125,Gre81a,0.38,12.28,1,1981,0,0,0,0,0,0,1,0,1966,1977,1971.5,12,12,0,0,0,0,1,1,0,0,0,0,1,0
1404,125,Gre81a,0.38,12.28,1,1981,0,0,0,0,0,0,1,0,1966,1977,1971.5,12,12,0,0,0,0,1,1,0,0,0,0,1,0
1405,125,Gre81a,0.38,12.28,1,1981,0,0,0,0,0,0,1,0,1966,1977,1971.5,12,12,0,0,0,0,1,1,0,0,0,0,1,0
1406,125,Gre81a,0.38,12.28,1,1981,0,0,0,0,0,0,1,0,1966,1977,1971.5,12,12,0,0,0,0,1,1,0,0,0,0,1,0
1407,125,Gre81a,0.4,12.74,1,1981,0,0,0,0,0,0,1,0,1966,1977,1971.5,12,12,0,0,0,0,1,1,0,0,0,0,1,0
1461,127,Gri79,-1.037,-6.129,0,1979,0,0,0,0,0,0,0,0,1955,1974,1964.5,20,20,0,0,0,0,1,1,1,0,0,0,0,0
1462,127,Gri79,0.425,1.68,0,1979,0,0,0,0,0,0,0,0,1955,1974,1964.5,20,20,0,0,0,0,1,1,1,0,0,0,0,0
1463,127,Gri79,0.269,1.64,0,1979,0,0,0,0,0,0,0,0,1955,1974,1964.5,20,20,0,0,0,0,1,1,1,0,0,0,0,0
1464,127,Gri79,-0.79,-17.34,0,1979,0,0,0,0,0,0,0,0,1955,1974,1964.5,20,20,0,0,0,0,1,1,1,0,0,0,0,0
1465,127,Gri79,-0.873,-12.63,0,1979,0,0,0,0,0,0,0,0,1955,1974,1964.5,20,20,0,0,0,0,1,1,1,0,0,0,0,0
1466,127,Gri79,0.542,5.85,0,1979,0,0,0,0,0,0,0,0,1955,1974,1964.5,20,20,0,0,0,0,1,1,1,0,0,0,0,0
1467,127,Gri79,0.331,4.58,0,1979,0,0,0,0,0,0,0,0,1955,1974,1964.5,20,20,0,0,0,0,1,0,1,0,0,0,0,0
1499,129,H&N95,0.37,37.0,1,1995,0,0,0,0,0,0,1,0,1979,1988,1983.5,10,10,0,0,0,0,0,1,0,0,0,0,0,0
1508,131,H&T66,0.6018228542059277,3.9259259259259256,0,1966,0,0,0,0,0,0,1,0,1929,1964,1946.5,36,36,0,1,0,0,1,1,1,0,0,0,0,0
1512,133,HHC81,-0.6,-0.48,1,1981,0,0,0,0,0,0,1,0,1975,1979,1977.0,5,60,0,1,0,1,1,1,1,0,0,0,0,0
1520,136,Hug80a,0.04,1.04,0,1980,0,0,0,0,0,0,0,0,1955,1978,1966.5,24,24,0,1,0,0,1,1,1,0,0,0,0,0
1526,136,Hug80a,0.66,5.26,0,1980,0,0,0,0,0,0,0,0,1969,1978,1973.5,10,40,0,1,1,0,0,1,0,0,0,0,0,1
1529,136,Hug80a,0.15,1.27,0,1980,0,0,0,0,0,0,0,0,1971,1978,1974.5,8,8,0,1,0,0,1,1,1,0,0,0,0,0
1567,141,IMH84,1.268,9.18840579710145,1,1984,1,0,0,0,0,0,0,0,1975,1976,1975.5,2,2,0,0,0,0,0,0,0,0,0,0,0,1
1568,141,IMH84,1.531,4.149051490514905,1,1984,1,0,0,0,0,0,0,0,1975,1976,1975.5,2,2,0,0,0,0,0,0,0,0,0,0,0,1
1569,141,IMH84,0.938,6.424657534246576,1,1984,1,0,0,0,0,0,0,0,1975,1976,1975.5,2,2,0,0,0,0,0,0,0,0,0,0,0,1
1570,141,IMH84,0.92,5.822784810126582,1,1984,1,0,0,0,0,0,0,0,1975,1976,1975.5,2,2,0,0,0,0,0,0,0,0,0,0,0,1
1571,141,IMH84,0.761,4.973856209150327,1,1984,1,0,0,0,0,0,0,0,1975,1976,1975.5,2,2,0,0,0,0,0,0,0,0,0,0,0,1
1572,141,IMH84,0.824,10.299999999999999,1,1984,1,0,0,0,0,0,0,0,1975,1976,1975.5,2,2,0,0,0,0,0,0,0,0,0,0,0,1
1573,141,IMH84,0.628,8.373333333333333,1,1984,1,0,0,0,0,0,0,0,1975,1976,1975.5,2,2,0,0,0,0,0,0,0,0,0,0,0,1
1574,141,IMH84,0.835,7.076271186440678,1,1984,1,0,0,0,0,0,0,0,1975,1976,1975.5,2,2,0,0,0,0,0,0,0,0,0,0,0,1
1575,141,IMH84,0.685,2.114197530864198,1,1984,1,0,0,0,0,0,0,0,1975,1976,1975.5,2,2,0,0,0,0,0,0,0,0,0,0,0,1
1576,141,IMH84,0.939,3.962025316455696,1,1984,1,0,0,0,0,0,0,0,1975,1976,1975.5,2,2,0,0,0,0,0,0,0,0,0,0,0,1
1581,143,IQR07,0.591,-3.09,0,2007,0,0,0,0,0,0,0,1,1970,2005,1987.5,36,36,0,1,0,0,0,0,0,0,1,0,0,0
1631,146,K&B77,0.2565,3.05,1,1977,0,0,0,0,0,0,0,1,1970,1970,1970.0,1,1,1,0,0,0,1,1,1,0,0,0,0,0
1634,146,K&B77,0.1141,0.81,1,1977,0,0,0,0,0,0,0,0,1970,1970,1970.0,1,1,1,0,0,0,1,1,1,0,0,0,0,0
1637,146,K&B77,0.5755,2.53,1,1977,0,0,0,0,0,0,0,0,1970,1970,1970.0,1,1,1,0,0,0,1,1,1,0,0,0,0,0
1638,146,K&B77,0.4875,3.03,1,1977,0,0,0,0,0,0,0,1,1970,1970,1970.0,1,1,1,0,0,0,1,1,1,0,0,0,0,0
1639,146,K&B77,0.331,2.49,1,1977,0,0,0,0,0,0,0,0,1970,1970,1970.0,1,1,1,0,0,0,1,1,1,0,0,0,0,0
1640,146,K&B77,0.3107,4.56,1,1977,0,0,0,0,0,0,0,0,1970,1970,1970.0,1,1,1,0,0,0,1,1,1,0,0,0,0,0
1641,147,K&R78,-0.27,-9.34,1,1978,0,0,0,0,0,0,1,0,1954,1972,1963.0,19,19,0,0,0,0,1,1,0,0,0,0,0,1
1642,147,K&R78,-0.05,-0.97,1,1978,0,0,0,0,0,0,1,0,1954,1972,1963.0,19,19,0,0,0,0,1,1,0,0,0,0,0,1
1643,147,K&R78,-0.008,-0.66,1,1978,0,0,0,0,0,0,1,0,1954,1972,1963.0,19,19,0,0,0,0,1,1,0,0,0,0,0,1
1644,147,K&R78,0.15,4.28,1,1978,0,0,0,0,0,0,1,0,1954,1972,1963.0,19,19,0,0,0,0,1,1,0,0,0,0,0,1
1645,147,K&R78,0.37,7.19,1,1978,0,0,0,0,0,0,1,0,1954,1972,1963.0,19,19,0,0,0,0,1,1,0,0,0,0,0,1
1646,147,K&R78,-0.08,-2.98,1,1978,0,0,0,0,0,0,1,0,1954,1972,1963.0,19,19,0,0,0,0,1,1,0,0,0,0,0,1
1647,147,K&R78,0.23,3.33,1,1978,0,0,0,0,0,0,1,0,1954,1972,1963.0,19,19,0,0,0,0,1,1,0,0,0,0,0,1
1648,147,K&R78,0.19,5.38,1,1978,0,0,0,0,0,0,1,0,1954,1972,1963.0,19,19,0,0,0,0,1,1,0,0,0,0,0,1
1649,147,K&R78,0.43,9.78,1,1978,0,0,0,0,0,0,1,0,1954,1972,1963.0,19,19,0,0,0,0,1,1,0,0,0,0,0,1
1650,147,K&R78,0.51,2.86,1,1978,0,0,0,0,0,0,1,0,1954,1972,1963.0,19,19,0,0,0,0,1,1,0,0,0,0,0,0
1651,147,K&R78,0.6,12.0,1,1978,0,0,0,0,0,0,1,0,1954,1972,1963.0,19,19,0,0,0,0,1,1,0,0,0,0,0,0
1652,147,K&R78,0.54,4.87,1,1978,0,0,0,0,0,0,1,0,1954,1972,1963.0,19,19,0,0,0,0,1,1,0,0,0,0,0,0
1653,147,K&R78,0.48,5.19,1,1978,0,0,0,0,0,0,1,0,1954,1972,1963.0,19,19,0,0,0,0,1,1,0,0,0,0,0,0
1654,147,K&R78,0.51,5.38,1,1978,0,0,0,0,0,0,1,0,1954,1972,1963.0,19,19,0,0,0,0,1,1,0,0,0,0,0,0
1655,147,K&R78,0.44,4.07,1,1978,0,0,0,0,0,0,1,0,1954,1972,1963.0,19,19,0,0,0,0,1,1,0,0,0,0,0,0
1656,147,K&R78,0.57,6.47,1,1978,0,0,0,0,0,0,1,0,1954,1972,1963.0,19,19,0,0,0,0,1,1,0,0,0,0,0,0
1657,147,K&R78,0.75,9.39,1,1978,0,0,0,0,0,0,1,0,1954,1972,1963.0,19,19,0,0,0,0,1,1,0,0,0,0,0,0
1658,147,K&R78,0.57,2.62,1,1978,0,0,0,0,0,0,1,0,1954,1972,1963.0,19,19,0,0,0,0,1,1,0,0,0,0,0,0
1662,151,Kia83,0.45688759124087597,4.95,0,1983,0,0,0,0,0,0,0,1,1955,1978,1966.5,24,24,0,1,0,0,0,1,1,0,0,0,0,0
1669,153,Kor89,2.158,11.82,0,1989,0,0,0,0,0,0,0,1,1976,1987,1981.5,12,12,0,1,0,0,0,1,1,0,0,0,0,0
1686,159,L&W89,0.395,1.52,1,1989,0,0,0,0,0,0,1,0,1984,1988,1986.0,5,60,0,1,0,1,1,1,0,1,0,0,0,0
1688,161,Leb77,1.721,44.12820512820513,1,1977,0,0,0,0,0,0,0,0,1955,1970,1962.5,16,16,0,0,0,0,0,0,0,0,0,0,0,1
1689,161,Leb77,1.389,20.130434782608695,1,1977,0,0,0,0,0,0,0,0,1955,1970,1962.5,16,16,0,0,0,0,0,0,0,0,0,0,0,1
1690,161,Leb77,1.031,21.04081632653061,1,1977,0,0,0,0,0,0,0,0,1955,1970,1962.5,16,16,0,0,0,0,0,0,0,0,0,0,0,1
1700,165,M&W81,0.627,27.26,1,1981,0,0,0,0,0,0,1,0,1960,1975,1967.5,16,16,0,1,0,0,0,1,0,0,0,0,0,1
1701,165,M&W81,0.732,18.3,1,1981,0,1,0,0,0,0,0,0,1960,1975,1967.5,16,16,0,1,0,0,0,1,1,0,0,0,0,0
1702,165,M&W81,0.852,38.72,1,1981,0,0,0,0,1,0,0,0,1960,1975,1967.5,16,16,0,1,0,0,0,1,1,0,0,0,0,0
1703,165,M&W81,1.16,21.88,1,1981,0,0,0,1,0,0,0,0,1960,1975,1967.5,16,16,0,1,0,0,0,1,1,0,0,0,0,0
1704,165,M&W81,0.857,29.55,1,1981,0,0,1,0,0,0,0,0,1960,1975,1967.5,16,16,0,1,0,0,0,1,1,0,0,0,0,0
1705,165,M&W81,1.367,12.54,1,1981,0,0,0,0,0,0,0,0,1960,1975,1967.5,16,16,0,1,0,0,0,1,1,0,0,0,0,0
1706,165,M&W81,0.931,13.69,1,1981,0,0,0,0,0,0,0,0,1960,1975,1967.5,16,16,0,1,0,0,0,1,1,0,0,0,0,0
1707,165,M&W81,1.277,8.08,1,1981,0,0,0,0,0,0,0,0,1960,1975,1967.5,16,16,0,1,0,0,0,1,1,0,0,0,0,0
1708,165,M&W81,0.725,6.9,1,1981,0,0,0,0,0,0,0,0,1960,1975,1967.5,16,16,0,1,0,0,0,1,1,0,0,0,0,0
1709,165,M&W81,0.367,3.08,1,1981,0,0,0,0,0,0,0,0,1960,1975,1967.5,16,16,0,1,0,0,0,1,0,0,0,0,0,1
1710,165,M&W81,0.418,4.44,1,1981,0,0,0,0,0,0,0,0,1966,1975,1970.5,10,10,0,1,0,0,0,1,1,0,0,0,0,0
1711,165,M&W81,0.811,13.08,1,1981,0,0,0,0,0,0,0,0,1966,1975,1970.5,10,10,0,1,0,0,0,1,1,0,0,0,0,0
1717,168,Mat79,1.9177,43.1,0,1979,0,0,0,0,1,0,0,0,1965,1977,1971.0,13,13,0,1,0,0,0,1,1,0,0,0,0,0
1719,168,Mat79,0.4981,14.1,0,1979,0,0,0,0,1,0,0,0,1965,1977,1971.0,13,13,0,1,0,0,0,1,1,0,0,0,0,0
1721,168,Mat79,1.8546,7.16,0,1979,0,0,0,0,1,0,0,0,1965,1977,1971.0,13,13,0,1,0,0,0,1,1,0,0,0,0,0
1722,168,Mat79,0.1059,0.763,0,1979,0,0,0,0,1,0,0,0,1965,1977,1971.0,13,13,0,1,0,0,0,1,1,0,0,0,0,0
1725,170,Mcr91,0.111,0.15,0,1991,0,0,0,0,0,0,0,1,1973,1987,1980.0,15,15,0,1,0,0,1,1,1,0,0,0,0,0
1726,170,Mcr91,-0.168,-1.39,0,1991,0,0,0,0,0,0,0,1,1973,1987,1980.0,15,15,0,1,0,0,1,1,1,0,0,0,0,0
1727,170,Mcr91,1.607,7.44,0,1991,0,0,0,0,0,0,0,1,1973,1987,1980.0,15,15,0,1,0,0,1,1,1,0,0,0,0,0
1728,170,Mcr91,1.672,3.6,0,1991,0,0,0,0,0,0,0,1,1973,1987,1980.0,15,15,0,1,0,0,1,1,1,0,0,0,0,0
1729,170,Mcr91,0.377,0.51,0,1991,0,0,0,0,0,0,0,1,1973,1987,1980.0,15,15,0,1,0,0,1,1,0,0,0,0,0,1
1730,170,Mcr91,0.567,2.31,0,1991,0,0,0,0,0,0,0,1,1973,1987,1980.0,15,15,0,1,0,0,1,1,0,0,0,0,0,1
1731,170,Mcr91,2.98,3.69,0,1991,0,0,0,0,0,0,0,1,1973,1987,1980.0,15,15,0,1,0,0,1,1,1,0,0,0,0,0
1732,170,Mcr91,0.434,0.49,0,1991,0,0,0,0,0,0,0,1,1973,1987,1980.0,15,15,0,1,0,0,1,1,1,0,0,0,0,0
1733,170,Mcr91,1.1,2.42,0,1991,0,0,0,0,0,0,0,1,1973,1987,1980.0,15,15,0,1,0,0,1,1,1,0,0,0,0,0
1734,170,Mcr91,0.949,2.87,0,1991,0,0,0,0,0,0,0,1,1973,1987,1980.0,15,15,0,1,0,0,1,1,1,0,0,0,0,0
1735,170,Mcr91,2.048,3.78,0,1991,0,0,0,0,0,0,0,1,1973,1987,1980.0,15,15,0,1,0,0,1,1,1,0,0,0,0,0
1736,170,Mcr91,0.612,5.18,0,1991,0,0,0,0,0,0,0,1,1973,1987,1980.0,15,15,0,0,0,0,1,1,1,0,0,0,0,0
1739,170,Mcr91,0.659,2.49,0,1991,0,0,0,0,0,0,0,1,1973,1987,1980.0,15,15,0,0,0,0,1,1,1,0,0,0,0,0
1742,170,Mcr91,0.813,3.16,0,1991,0,0,0,0,0,0,0,1,1973,1987,1980.0,15,15,0,0,0,0,1,1,1,0,0,0,0,0
1745,171,Mcr94a,0.0157,0.02,1,1994,0,0,0,0,0,0,0,1,1973,1987,1980.0,15,15,0,1,0,0,1,1,1,0,0,0,0,0
1746,171,Mcr94a,0.22,2.32,1,1994,0,0,0,0,0,0,0,1,1973,1987,1980.0,15,15,0,1,0,0,1,1,1,0,0,0,0,0
1747,171,Mcr94a,1.384,5.88,1,1994,0,0,0,0,0,0,0,1,1973,1987,1980.0,15,15,0,1,0,0,1,1,1,0,0,0,0,0
1748,171,Mcr94a,1.691,4.61,1,1994,0,0,0,0,0,0,0,1,1973,1987,1980.0,15,15,0,1,0,0,1,1,1,0,0,0,0,0
1749,171,Mcr94a,0.715,0.89,1,1994,0,0,0,0,0,0,0,1,1973,1987,1980.0,15,15,0,1,0,0,1,1,0,0,0,0,0,1
1750,171,Mcr94a,0.57,2.37,1,1994,0,0,0,0,0,0,0,1,1973,1987,1980.0,15,15,0,1,0,0,1,1,0,0,0,0,0,1
1751,171,Mcr94a,2.914,3.23,1,1994,0,0,0,0,0,0,0,1,1973,1987,1980.0,15,15,0,1,0,0,1,1,1,0,0,0,0,0
1752,171,Mcr94a,0.152,0.36,1,1994,0,0,0,0,0,0,0,1,1973,1987,1980.0,15,15,0,1,0,0,1,1,1,0,0,0,0,0
1753,171,Mcr94a,0.819,1.98,1,1994,0,0,0,0,0,0,0,1,1973,1987,1980.0,15,15,0,1,0,0,1,1,1,0,0,0,0,0
1754,171,Mcr94a,0.81,2.71,1,1994,0,0,0,0,0,0,0,1,1973,1987,1980.0,15,15,0,1,0,0,1,1,1,0,0,0,0,0
1755,171,Mcr94a,1.768,4.46,1,1994,0,0,0,0,0,0,0,1,1973,1987,1980.0,15,15,0,1,0,0,1,1,1,0,0,0,0,0
1756,171,Mcr94a,0.615,5.88,1,1994,0,0,0,0,0,0,0,1,1973,1987,1980.0,15,15,0,0,0,0,1,1,1,0,0,0,0,0
1760,171,Mcr94a,0.739,3.16,1,1994,0,0,0,0,0,0,0,1,1973,1987,1980.0,15,15,0,0,0,0,1,1,1,0,0,0,0,0
1762,172,Mcr94b,0.207,1.19,0,1994,1,0,0,0,0,0,0,0,1973,1990,1981.5,18,18,0,1,0,0,1,1,0,0,0,0,0,1
1763,172,Mcr94b,-0.411,-0.86,0,1994,1,0,0,0,0,0,0,0,1973,1990,1981.5,18,18,0,1,0,0,1,1,1,0,0,0,0,0
1764,172,Mcr94b,-0.016,-0.04,0,1994,0,0,0,0,0,0,0,0,1973,1990,1981.5,18,18,0,1,0,0,1,1,0,0,0,0,0,1
1765,172,Mcr94b,0.161,0.75,0,1994,0,1,0,0,0,0,0,0,1973,1990,1981.5,18,18,0,1,0,0,1,1,0,0,0,0,0,1
1766,172,Mcr94b,0.259,0.79,0,1994,0,0,0,0,0,0,0,0,1973,1990,1981.5,18,18,0,1,0,0,1,1,0,0,0,0,0,1
1767,172,Mcr94b,-0.14,-0.39,0,1994,0,0,0,0,0,0,0,0,1973,1990,1981.5,18,18,0,1,0,0,1,1,0,0,0,0,0,1
1768,172,Mcr94b,-0.174,-0.53,0,1994,0,0,1,0,0,0,0,0,1973,1990,1981.5,18,18,0,1,0,0,1,1,0,0,0,0,0,1
1769,172,Mcr94b,0.0429,0.1,0,1994,0,0,0,1,0,0,0,0,1973,1990,1981.5,18,18,0,1,0,0,1,1,0,0,0,0,0,1
1770,172,Mcr94b,0.111,0.32,0,1994,0,0,0,0,0,0,0,0,1973,1990,1981.5,18,18,0,1,0,0,1,1,0,0,0,0,0,1
1771,172,Mcr94b,-1.13,-7.29,0,1994,0,0,0,0,0,0,0,0,1973,1990,1981.5,18,18,0,1,0,0,1,1,1,0,0,0,0,0
1772,172,Mcr94b,0.926,4.02,0,1994,0,0,0,0,0,0,0,0,1973,1990,1981.5,18,18,0,1,0,0,1,1,1,0,0,0,0,0
1773,172,Mcr94b,0.0997,0.56,0,1994,0,0,0,0,1,0,0,0,1973,1990,1981.5,18,18,0,1,0,0,1,1,0,0,0,0,0,1
1774,172,Mcr94b,1.128,1.49,0,1994,0,0,0,0,0,0,0,0,1973,1990,1981.5,18,18,0,1,0,0,1,1,0,0,0,0,0,1
1775,172,Mcr94b,-0.464,-0.77,0,1994,0,0,0,0,0,0,0,0,1973,1990,1981.5,18,18,0,1,0,0,1,1,0,0,0,0,0,1
1776,172,Mcr94b,-0.252,-1.08,0,1994,0,0,0,0,0,0,0,0,1973,1990,1981.5,18,18,0,1,0,0,1,1,0,0,0,0,0,1
1777,172,Mcr94b,0.672,2.12,0,1994,0,0,0,0,0,0,0,0,1973,1990,1981.5,18,18,0,1,0,0,1,1,0,0,0,0,0,1
1778,172,Mcr94b,-0.531,-1.79,0,1994,0,0,0,0,0,0,0,0,1973,1990,1981.5,18,18,0,1,0,0,1,1,0,0,0,0,0,1
1779,172,Mcr94b,0.343,1.5,0,1994,0,0,0,0,0,0,0,0,1973,1990,1981.5,18,18,0,1,0,0,1,1,0,0,0,0,0,1
1780,172,Mcr94b,0.439,0.85,0,1994,0,0,0,0,0,1,0,0,1973,1990,1981.5,18,18,0,1,0,0,1,1,0,0,0,0,0,1
1781,172,Mcr94b,0.5,3.95,0,1994,0,0,0,0,0,0,0,0,1973,1990,1981.5,18,18,0,1,0,0,1,1,1,0,0,0,0,0
1782,172,Mcr94b,0.79,0.88,0,1994,0,0,0,0,0,0,0,0,1973,1990,1981.5,18,18,0,1,0,0,1,1,0,0,0,0,0,1
1783,172,Mcr94b,0.687,2.68,0,1994,0,0,0,0,0,0,0,0,1973,1990,1981.5,18,18,0,1,0,0,1,1,0,0,0,0,0,1
1784,172,Mcr94b,0.005,0.02,0,1994,0,0,0,0,0,0,1,0,1973,1990,1981.5,18,18,0,1,0,0,1,1,0,0,0,0,0,1
1799,178,Nic03,0.542,6.860759493670886,1,2003,0,1,0,0,0,0,0,0,1969,1992,1980.5,24,24,0,0,0,0,0,0,0,1,0,0,0,0
1800,178,Nic03,1.295,14.38888888888889,1,2003,0,1,0,0,0,0,0,0,1969,1992,1980.5,24,24,0,0,0,0,0,0,0,1,0,0,0,0
1801,178,Nic03,0.589,4.395522388059701,1,2003,0,1,0,0,0,0,0,0,1969,1992,1980.5,24,24,0,0,0,0,0,0,0,1,0,0,0,0
1802,178,Nic03,0.691,4.487012987012987,1,2003,0,1,0,0,0,0,0,0,1969,1992,1980.5,24,24,0,0,0,0,0,0,0,1,0,0,0,0
1803,178,Nic03,0.938,9.670103092783505,1,2003,0,1,0,0,0,0,0,0,1969,1992,1980.5,24,24,0,0,0,0,0,0,0,1,0,0,0,0
1804,178,Nic03,0.671,5.638655462184874,1,2003,0,1,0,0,0,0,0,0,1969,1992,1980.5,24,24,0,0,0,0,0,0,0,1,0,0,0,0
1805,178,Nic03,0.533,6.5,1,2003,0,1,0,0,0,0,0,0,1969,1992,1980.5,24,24,0,0,0,0,0,0,0,1,0,0,0,0
1806,178,Nic03,1.295,12.102803738317757,1,2003,0,1,0,0,0,0,0,0,1969,1992,1980.5,24,24,0,0,0,0,0,0,0,1,0,0,0,0
1807,178,Nic03,0.365,2.6258992805755392,1,2003,0,1,0,0,0,0,0,0,1969,1992,1980.5,24,24,0,0,0,0,0,0,0,1,0,0,0,0
1808,178,Nic03,0.61,3.2275132275132274,1,2003,0,1,0,0,0,0,0,0,1969,1992,1980.5,24,24,0,0,0,0,0,0,0,1,0,0,0,0
1809,178,Nic03,0.93,9.207920792079207,1,2003,0,1,0,0,0,0,0,0,1969,1992,1980.5,24,24,0,0,0,0,0,0,0,1,0,0,0,0
1810,178,Nic03,0.626,5.008,1,2003,0,1,0,0,0,0,0,0,1969,1992,1980.5,24,24,0,0,0,0,0,0,0,1,0,0,0,0
1811,178,Nic03,0.52,6.265060240963855,1,2003,0,1,0,0,0,0,0,0,1969,1992,1980.5,24,24,0,0,0,0,0,0,0,1,0,0,0,0
1812,178,Nic03,1.282,10.957264957264957,1,2003,0,1,0,0,0,0,0,0,1969,1992,1980.5,24,24,0,0,0,0,0,0,0,1,0,0,0,0
1813,178,Nic03,0.386,3.299145299145299,1,2003,0,1,0,0,0,0,0,0,1969,1992,1980.5,24,24,0,0,0,0,0,0,0,1,0,0,0,0
1814,178,Nic03,0.685,4.005847953216374,1,2003,0,1,0,0,0,0,0,0,1969,1992,1980.5,24,24,0,0,0,0,0,0,0,1,0,0,0,0
1815,178,Nic03,0.886,6.921875,1,2003,0,1,0,0,0,0,0,0,1969,1992,1980.5,24,24,0,0,0,0,0,0,0,1,0,0,0,0
1816,178,Nic03,0.745,7.525252525252525,1,2003,0,1,0,0,0,0,0,0,1969,1992,1980.5,24,24,0,0,0,0,0,0,0,1,0,0,0,0
1817,178,Nic03,0.514,6.119047619047619,1,2003,0,1,0,0,0,0,0,0,1969,1992,1980.5,24,24,0,0,0,0,0,0,0,1,0,0,0,0
1818,178,Nic03,1.301,12.88118811881188,1,2003,0,1,0,0,0,0,0,0,1969,1992,1980.5,24,24,0,0,0,0,0,0,0,1,0,0,0,0
1819,178,Nic03,0.499,3.4895104895104896,1,2003,0,1,0,0,0,0,0,0,1969,1992,1980.5,24,24,0,0,0,0,0,0,0,1,0,0,0,0
1820,178,Nic03,0.727,4.979452054794521,1,2003,0,1,0,0,0,0,0,0,1969,1992,1980.5,24,24,0,0,0,0,0,0,0,1,0,0,0,0
1821,178,Nic03,0.922,9.128712871287128,1,2003,0,1,0,0,0,0,0,0,1969,1992,1980.5,24,24,0,0,0,0,0,0,0,1,0,0,0,0
1822,178,Nic03,0.68,6.238532110091744,1,2003,0,1,0,0,0,0,0,0,1969,1992,1980.5,24,24,0,0,0,0,0,0,0,1,0,0,0,0
1823,178,Nic03,0.512,6.023529411764706,1,2003,0,1,0,0,0,0,0,0,1969,1992,1980.5,24,24,0,0,0,0,0,0,0,1,0,0,0,0
1824,178,Nic03,1.319,12.10091743119266,1,2003,0,1,0,0,0,0,0,0,1969,1992,1980.5,24,24,0,0,0,0,0,0,0,1,0,0,0,0
1825,178,Nic03,0.323,5.015267175572519,1,2003,0,1,0,0,0,0,0,0,1969,1992,1980.5,24,24,0,0,0,0,0,0,0,1,0,0,0,0
1826,178,Nic03,0.657,3.49468085106383,1,2003,0,1,0,0,0,0,0,0,1969,1992,1980.5,24,24,0,0,0,0,0,0,0,1,0,0,0,0
1827,178,Nic03,0.913,8.778846153846155,1,2003,0,1,0,0,0,0,0,0,1969,1992,1980.5,24,24,0,0,0,0,0,0,0,1,0,0,0,0
1828,178,Nic03,0.719,6.536363636363636,1,2003,0,1,0,0,0,0,0,0,1969,1992,1980.5,24,24,0,0,0,0,0,0,0,1,0,0,0,0
1829,178,Nic03,0.523,6.301204819277109,1,2003,0,1,0,0,0,0,0,0,1969,1992,1980.5,24,24,0,0,0,0,0,0,0,1,0,0,0,0
1830,178,Nic03,1.296,13.360824742268042,1,2003,0,1,0,0,0,0,0,0,1969,1992,1980.5,24,24,0,0,0,0,0,0,0,1,0,0,0,0
1831,178,Nic03,0.443,3.6016260162601625,1,2003,0,1,0,0,0,0,0,0,1969,1992,1980.5,24,24,0,0,0,0,0,0,0,1,0,0,0,0
1832,178,Nic03,0.673,4.029940119760479,1,2003,0,1,0,0,0,0,0,0,1969,1992,1980.5,24,24,0,0,0,0,0,0,0,1,0,0,0,0
1833,178,Nic03,0.922,8.951456310679612,1,2003,0,1,0,0,0,0,0,0,1969,1992,1980.5,24,24,0,0,0,0,0,0,0,1,0,0,0,0
1834,178,Nic03,0.68,6.071428571428572,1,2003,0,1,0,0,0,0,0,0,1969,1992,1980.5,24,24,0,0,0,0,0,0,0,1,0,0,0,0
1835,178,Nic03,0.266,1.8472222222222225,1,2003,0,0,0,0,0,0,1,0,1980,1984,1982.0,5,5,0,0,0,0,0,0,0,1,0,0,0,0
1836,178,Nic03,0.573,5.116071428571428,1,2003,0,0,0,0,0,0,1,0,1980,1984,1982.0,5,5,0,0,0,0,0,0,0,1,0,0,0,0
1837,178,Nic03,0.527,5.377551020408164,1,2003,0,0,0,0,0,0,1,0,1980,1984,1982.0,5,5,0,0,0,0,0,0,0,1,0,0,0,0
1838,178,Nic03,0.688,5.504,1,2003,0,0,0,0,0,0,1,0,1980,1984,1982.0,5,5,0,0,0,0,0,0,0,1,0,0,0,0
1839,178,Nic03,0.827,4.284974093264248,1,2003,0,0,0,0,0,0,1,0,1980,1984,1982.0,5,5,0,0,0,0,0,0,0,1,0,0,0,0
1840,178,Nic03,0.829,2.2900552486187844,1,2003,0,0,0,0,0,0,1,0,1980,1984,1982.0,5,5,0,0,0,0,0,0,0,1,0,0,0,0
1841,178,Nic03,0.275,2.3706896551724137,1,2003,0,0,0,0,0,0,1,0,1980,1984,1982.0,5,5,0,0,0,0,0,0,0,1,0,0,0,0
1842,178,Nic03,0.628,6.279999999999999,1,2003,0,0,0,0,0,0,1,0,1980,1984,1982.0,5,5,0,0,0,0,0,0,0,1,0,0,0,0
1843,178,Nic03,0.542,6.15909090909091,1,2003,0,0,0,0,0,0,1,0,1980,1984,1982.0,5,5,0,0,0,0,0,0,0,1,0,0,0,0
1844,178,Nic03,0.785,7.772277227722772,1,2003,0,0,0,0,0,0,1,0,1980,1984,1982.0,5,5,0,0,0,0,0,0,0,1,0,0,0,0
1845,178,Nic03,0.796,6.419354838709678,1,2003,0,0,0,0,0,0,1,0,1980,1984,1982.0,5,5,0,0,0,0,0,0,0,1,0,0,0,0
1846,178,Nic03,0.991,4.609302325581395,1,2003,0,0,0,0,0,0,1,0,1980,1984,1982.0,5,5,0,0,0,0,0,0,0,1,0,0,0,0
1847,178,Nic03,0.356,3.1228070175438596,1,2003,0,0,0,0,0,0,1,0,1980,1984,1982.0,5,5,0,0,0,0,0,0,0,1,0,0,0,0
1848,178,Nic03,0.647,6.810526315789474,1,2003,0,0,0,0,0,0,1,0,1980,1984,1982.0,5,5,0,0,0,0,0,0,0,1,0,0,0,0
1849,178,Nic03,0.559,6.500000000000001,1,2003,0,0,0,0,0,0,1,0,1980,1984,1982.0,5,5,0,0,0,0,0,0,0,1,0,0,0,0
1850,178,Nic03,0.745,7.760416666666666,1,2003,0,0,0,0,0,0,1,0,1980,1984,1982.0,5,5,0,0,0,0,0,0,0,1,0,0,0,0
1851,178,Nic03,0.84,6.412213740458014,1,2003,0,0,0,0,0,0,1,0,1980,1984,1982.0,5,5,0,0,0,0,0,0,0,1,0,0,0,0
1852,178,Nic03,0.896,4.206572769953052,1,2003,0,0,0,0,0,0,1,0,1980,1984,1982.0,5,5,0,0,0,0,0,0,0,1,0,0,0,0
1853,178,Nic03,0.263,2.2672413793103448,1,2003,0,0,0,0,0,0,1,0,1980,1984,1982.0,5,5,0,0,0,0,0,0,0,1,0,0,0,0
1854,178,Nic03,0.628,6.097087378640777,1,2003,0,0,0,0,0,0,1,0,1980,1984,1982.0,5,5,0,0,0,0,0,0,0,1,0,0,0,0
1855,178,Nic03,0.596,7.180722891566265,1,2003,0,0,0,0,0,0,1,0,1980,1984,1982.0,5,5,0,0,0,0,0,0,0,1,0,0,0,0
1856,178,Nic03,0.764,7.564356435643564,1,2003,0,0,0,0,0,0,1,0,1980,1984,1982.0,5,5,0,0,0,0,0,0,0,1,0,0,0,0
1857,178,Nic03,0.875,5.9523809523809526,1,2003,0,0,0,0,0,0,1,0,1980,1984,1982.0,5,5,0,0,0,0,0,0,0,1,0,0,0,0
1858,178,Nic03,0.98,4.8999999999999995,1,2003,0,0,0,0,0,0,1,0,1980,1984,1982.0,5,5,0,0,0,0,0,0,0,1,0,0,0,0
1859,178,Nic03,0.285,2.4152542372881354,1,2003,0,0,0,0,0,0,1,0,1980,1984,1982.0,5,5,0,0,0,0,0,0,0,1,0,0,0,0
1860,178,Nic03,0.621,6.088235294117648,1,2003,0,0,0,0,0,0,1,0,1980,1984,1982.0,5,5,0,0,0,0,0,0,0,1,0,0,0,0
1861,178,Nic03,0.559,6.4252873563218404,1,2003,0,0,0,0,0,0,1,0,1980,1984,1982.0,5,5,0,0,0,0,0,0,0,1,0,0,0,0
1862,178,Nic03,0.75,7.281553398058253,1,2003,0,0,0,0,0,0,1,0,1980,1984,1982.0,5,5,0,0,0,0,0,0,0,1,0,0,0,0
1863,178,Nic03,0.837,5.894366197183099,1,2003,0,0,0,0,0,0,1,0,1980,1984,1982.0,5,5,0,0,0,0,0,0,0,1,0,0,0,0
1864,178,Nic03,0.941,4.182222222222222,1,2003,0,0,0,0,0,0,1,0,1980,1984,1982.0,5,5,0,0,0,0,0,0,0,1,0,0,0,0
1866,180,Nil86qD&S90,1.69,36.5,0,1986,0,0,0,0,0,1,0,0,1950,1984,1967.0,35,35,0,1,0,0,0,1,1,0,0,0,0,0
1867,180,Nil86qD&S90,0.83,16.53,0,1986,0,0,0,0,0,1,0,0,1950,1984,1967.0,35,35,0,1,0,0,1,1,1,0,0,0,0,0
1894,184,Par86,0.923,8.47,1,1986,0,1,0,0,0,0,0,0,1971,1983,1977.0,13,13,0,1,0,0,0,1,1,0,0,0,0,0
1902,188,Pin79a,0.86,13.3,0,1979,0,0,0,0,0,0,0,0,1959,1973,1966.0,15,15,0,0,0,0,0,1,1,0,0,0,0,0
1904,188,Pin79a,1.72,20.9,0,1979,0,0,0,0,0,0,0,0,1955,1974,1964.5,20,20,0,0,0,0,0,1,1,0,0,0,0,0
1929,193,R&F89,0.573,2.6,1,1989,0,0,0,0,0,0,0,0,1977,1986,1981.5,10,40,0,1,1,0,0,1,1,0,0,0,0,0
1950,196,R&S98,1.22,6.4,1,1998,0,0,0,0,0,0,0,1,1970,1970,1970.0,1,1,1,0,0,0,0,1,1,0,0,0,0,0
1951,196,R&S98,1.21,10.5,1,1998,0,0,0,0,0,0,0,1,1975,1975,1975.0,1,1,1,0,0,0,0,1,1,0,0,0,0,0
1952,196,R&S98,0.99,5.3,1,1998,0,0,0,0,0,0,0,1,1980,1980,1980.0,1,1,1,0,0,0,0,1,1,0,0,0,0,0
1953,196,R&S98,1.23,9.9,1,1998,0,0,0,0,0,0,0,1,1985,1985,1985.0,1,1,1,0,0,0,0,1,1,0,0,0,0,0
1954,196,R&S98,1.14,5.7,1,1998,0,0,0,0,0,0,0,1,1990,1990,1990.0,1,1,1,0,0,0,0,1,1,0,0,0,0,0
1957,196,R&S98,1.24,13.4,1,1998,0,0,0,0,0,0,0,1,1960,1994,1977.0,35,35,0,0,0,0,0,1,1,0,0,0,0,0
1961,197,R&T06,1.419,0.11,1,2006,0,0,0,0,0,0,1,0,1976,2001,1988.5,26,312,0,1,0,1,1,1,0,1,0,0,0,0
1962,197,R&T06,1.33,0.23,1,2006,0,0,0,0,0,0,1,0,1976,2001,1988.5,26,312,0,1,0,1,1,1,0,1,0,0,0,0
1973,200,Rod79,0.961,160.16666666666666,1,1979,0,0,0,0,0,0,0,0,1960,1973,1966.5,14,14,0,0,0,0,1,1,0,0,1,0,0,0
1974,200,Rod79,0.821,58.64285714285714,1,1979,0,0,0,0,0,0,0,0,1960,1973,1966.5,14,14,0,0,0,0,1,1,0,0,1,0,0,0
1975,200,Rod79,1.432,8.73170731707317,1,1979,0,0,0,0,0,0,0,0,1960,1973,1966.5,14,14,0,0,0,0,1,1,0,0,0,0,0,0
1976,200,Rod79,1.18,9.076923076923077,1,1979,0,0,0,0,0,0,0,0,1960,1973,1966.5,14,14,0,0,0,0,1,1,0,0,0,0,0,0
1979,203,S&J79,0.043629169696088405,3.001,1,1979,1,0,0,0,0,0,0,0,1955,1976,1965.5,22,22,0,1,0,0,1,1,1,0,0,0,0,0
1980,203,S&J79,-0.09337080122146284,-1.538,1,1979,1,0,0,0,0,0,0,0,1955,1976,1965.5,22,22,0,1,0,0,1,1,1,0,0,0,0,0
1995,206,S&S99,0.2,10.0,1,1999,0,0,0,0,0,0,1,0,1991,1991,1991.0,1,1,1,0,0,0,0,1,1,0,0,0,0,0
1996,206,S&S99,0.204,10.736842105263158,1,1999,0,0,0,0,0,0,1,0,1991,1991,1991.0,1,1,1,0,0,0,0,1,1,0,0,0,0,0
1997,206,S&S99,0.21,11.666666666666668,1,1999,0,0,0,0,0,0,1,0,1991,1991,1991.0,1,1,1,0,0,0,0,1,1,0,0,0,0,0
1998,206,S&S99,0.18,9.473684210526315,1,1999,0,0,0,0,0,0,1,0,1991,1991,1991.0,1,1,1,0,0,0,0,1,1,0,0,0,0,0
1999,206,S&S99,0.129,2.74468085106383,1,1999,0,0,0,0,0,0,1,0,1988,1988,1988.0,1,1,1,0,0,0,0,1,1,0,0,0,0,0
2000,206,S&S99,0.33,22.000000000000004,1,1999,0,0,0,0,0,0,1,0,1988,1991,1989.5,4,4,0,0,0,0,0,1,1,0,0,0,0,0
2001,206,S&S99,0.135,9.000000000000002,1,1999,0,0,0,0,0,0,1,0,1991,1991,1991.0,1,1,1,0,0,0,0,1,1,0,0,0,0,0
2002,206,S&S99,0.16,10.666666666666668,1,1999,0,0,0,0,0,0,1,0,1991,1991,1991.0,1,1,1,0,0,0,0,1,1,0,0,0,0,0
2003,206,S&S99,0.165,9.166666666666668,1,1999,0,0,0,0,0,0,1,0,1991,1991,1991.0,1,1,1,0,0,0,0,1,0,0,0,0,0,0
2004,206,S&S99,0.166,7.545454545454546,1,1999,0,0,0,0,0,0,1,0,1991,1991,1991.0,1,1,1,0,0,0,0,1,0,0,0,0,0,0
2005,206,S&S99,0.323,20.1875,1,1999,0,0,0,0,0,0,1,0,1991,1991,1991.0,1,1,1,0,0,0,0,1,1,0,0,0,0,0
2006,206,S&S99,0.121,8.066666666666666,1,1999,0,0,0,0,0,0,1,0,1988,1988,1988.0,1,1,1,0,0,0,0,1,1,0,0,0,0,0
2007,206,S&S99,0.151,4.441176470588235,1,1999,0,0,0,0,0,0,1,0,1988,1988,1988.0,1,1,1,0,0,0,0,1,1,0,0,0,0,0
2008,206,S&S99,0.165,9.166666666666668,1,1999,0,0,0,0,0,0,1,0,1988,1988,1988.0,1,1,1,0,0,0,0,1,0,0,0,0,0,0
2009,206,S&S99,0.165,6.6,1,1999,0,0,0,0,0,0,1,0,1988,1988,1988.0,1,1,1,0,0,0,0,1,0,0,0,0,0,0
2018,209,Sch96,-0.14,-1.18,1,1996,0,0,0,0,0,0,1,0,1988,1992,1990.0,5,5,0,0,0,0,0,1,1,0,0,0,0,0
2019,209,Sch96,1.05,5.0,1,1996,0,0,0,0,0,0,1,0,1988,1992,1990.0,5,5,0,0,0,0,0,1,1,0,0,0,0,0
2083,211,SFP92,0.182,0.63,0,1992,0,0,0,0,0,0,1,0,1970,1989,1979.5,20,20,0,1,0,0,1,1,0,0,0,0,0,1
2084,211,SFP92,0.32,1.65,0,1992,0,0,0,0,0,0,1,0,1970,1989,1979.5,20,20,0,1,0,0,0,1,0,0,0,0,0,1
2085,211,SFP92,0.089,0.71,0,1992,0,0,0,0,1,0,0,0,1970,1989,1979.5,20,20,0,1,0,0,1,1,0,0,0,0,0,1
2086,211,SFP92,0.729,5.34,0,1992,0,0,0,0,1,0,0,0,1970,1989,1979.5,20,20,0,1,0,0,0,1,0,0,0,0,0,1
2087,211,SFP92,0.312,0.83,0,1992,0,0,1,0,0,0,0,0,1970,1989,1979.5,20,20,0,1,0,0,1,1,0,0,0,0,0,1
2088,211,SFP92,0.171,3.12,0,1992,0,0,1,0,0,0,0,0,1970,1989,1979.5,20,20,0,1,0,0,0,1,0,0,0,0,0,1
2089,211,SFP92,-0.437,-0.87,0,1992,0,0,0,1,0,0,0,0,1970,1989,1979.5,20,20,0,1,0,0,1,1,0,0,0,0,0,1
2090,211,SFP92,1.21,8.78,0,1992,0,0,0,1,0,0,0,0,1970,1989,1979.5,20,20,0,1,0,0,0,1,0,0,0,0,0,1
2091,211,SFP92,-0.045,-0.15,0,1992,0,0,0,0,0,0,0,0,1970,1989,1979.5,20,20,0,1,0,0,1,1,0,0,0,0,0,1
2092,211,SFP92,0.391,3.41,0,1992,0,0,0,0,0,0,0,0,1970,1989,1979.5,20,20,0,1,0,0,0,1,0,0,0,0,0,1
2093,211,SFP92,0.34,1.64,0,1992,0,0,0,0,0,0,0,0,1970,1989,1979.5,20,20,0,1,0,0,1,1,0,0,0,0,0,1
2094,211,SFP92,1.145,13.52,0,1992,0,0,0,0,0,0,0,0,1970,1989,1979.5,20,20,0,1,0,0,0,1,0,0,0,0,0,1
2095,211,SFP92,0.567,2.06,0,1992,0,0,0,0,0,0,0,0,1970,1989,1979.5,20,20,0,1,0,0,1,1,0,0,0,0,0,1
2096,211,SFP92,0.75,10.63,0,1992,0,0,0,0,0,0,0,0,1970,1989,1979.5,20,20,0,1,0,0,0,1,0,0,0,0,0,1
2097,211,SFP92,-0.45,-2.01,0,1992,0,0,0,0,0,1,0,0,1970,1989,1979.5,20,20,0,1,0,0,1,1,0,0,0,0,0,1
2098,211,SFP92,1.209,5.67,0,1992,0,0,0,0,0,1,0,0,1970,1989,1979.5,20,20,0,1,0,0,0,1,0,0,0,0,0,1
2099,211,SFP92,0.367,0.76,0,1992,0,0,0,0,0,0,0,0,1970,1989,1979.5,20,20,0,1,0,0,1,1,0,0,0,0,0,1
2100,211,SFP92,0.762,2.55,0,1992,0,0,0,0,0,0,0,0,1970,1989,1979.5,20,20,0,1,0,0,0,1,0,0,0,0,0,1
2101,212,Spr78,0.443,39.4,0,1978,0,0,0,0,0,0,1,0,1963,1975,1969.0,13,13,0,0,0,0,1,1,0,0,0,0,1,0
2102,213,Ste88,0.59,22.0,0,1988,0,0,0,0,0,0,0,1,1962,1985,1973.5,24,24,0,0,0,0,0,1,1,0,0,0,0,0
2103,213,Ste88,0.6,23.0,0,1988,0,0,0,0,0,0,0,1,1962,1985,1973.5,24,24,0,0,0,0,0,0,1,0,0,0,0,0
2104,213,Ste88,0.6,23.0,0,1988,0,0,0,0,0,0,0,1,1962,1985,1973.5,24,24,0,0,0,0,0,0,1,0,0,0,0,0
2105,213,Ste88,0.48,5.0,0,1988,0,0,0,0,0,0,0,1,1962,1985,1973.5,24,24,0,0,0,0,1,1,1,0,0,0,0,0
2106,213,Ste88,0.51,5.0,0,1988,0,0,0,0,0,0,0,1,1962,1985,1973.5,24,24,0,0,0,0,1,0,1,0,0,0,0,0
2107,213,Ste88,0.51,5.0,0,1988,0,0,0,0,0,0,0,1,1962,1985,1973.5,24,24,0,0,0,0,1,0,1,0,0,0,0,0
2108,214,Sto05,0.342,5.7,1,2005,0,0,0,0,0,0,0,1,1990,1997,1993.5,8,8,0,0,0,0,1,1,1,0,0,0,0,0
2129,218,Tis80b,0.715,1.98,0,1980,0,0,0,0,0,0,0,0,1966,1978,1972.0,13,13,0,1,0,0,1,1,0,1,0,0,0,0
2130,218,Tis80b,0.801,2.35,0,1980,0,0,0,0,0,0,0,0,1966,1978,1972.0,13,13,0,1,0,0,1,1,0,1,0,0,0,0
2131,218,Tis80b,0.247,2.55,0,1980,0,0,0,0,0,0,0,0,1968,1978,1973.0,11,44,0,1,1,0,1,1,1,0,0,0,0,0
2132,218,Tis80b,0.216,2.29,0,1980,0,0,0,0,0,0,0,0,1968,1978,1973.0,11,44,0,1,1,0,1,1,1,0,0,0,0,0
2133,218,Tis80b,0.194,2.1,0,1980,0,0,0,0,0,0,0,0,1968,1978,1973.0,11,44,0,1,1,0,1,1,1,0,0,0,0,0
2134,219,Tis82a=Tis83,0.88,2.5,1,1982,0,0,0,0,0,0,0,0,1966,1978,1972.0,13,13,0,1,0,0,1,1,0,1,0,0,0,0
2176,221,Tsu80,0.2119,1.0443568260226712,0,1980,0,0,0,0,0,0,1,0,1970,1976,1973.0,7,84,0,1,0,1,1,1,0,1,0,0,0,0
2187,226,Van92,0.372,1.391,1,1992,0,0,0,0,0,0,0,1,1974,1987,1980.5,14,14,0,1,0,0,0,1,1,0,0,0,0,0
2197,230,W&G88,0.55,2.66,1,1988,0,0,0,0,0,0,0,0,1962,1985,1973.5,24,24,0,1,0,0,1,1,1,0,0,0,0,0
2198,230,W&G88,0.56,2.8,1,1988,0,0,0,0,0,0,0,0,1962,1985,1973.5,24,24,0,1,0,0,1,1,1,0,0,0,0,0
2199,230,W&G88,0.66,3.5,1,1988,0,0,0,0,0,0,0,0,1962,1985,1973.5,24,24,0,1,0,0,1,1,1,0,0,0,0,0
2208,233,Wal97,0.2518,2.5693877551020408,1,1997,0,0,0,0,0,0,0,1,1976,1992,1984.0,17,17,0,1,0,0,1,1,0,0,1,0,0,0
2223,235,WGN07,0.329,36.55555555555556,0,2007,0,0,0,0,0,0,1,0,1997,2002,1999.5,6,24,0,0,1,0,1,1,0,0,0,0,0,1
2224,235,WGN07,0.304,23.384615384615387,0,2007,0,0,0,0,0,0,1,0,1997,2002,1999.5,6,24,0,0,1,0,1,1,0,0,0,0,0,1
2225,235,WGN07,0.365,36.5,0,2007,0,0,0,0,0,0,1,0,1997,2002,1999.5,6,24,0,0,1,0,1,1,0,0,0,0,0,1
2226,235,WGN07,0.351,35.099999999999994,0,2007,0,0,0,0,0,0,1,0,1997,2002,1999.5,6,24,0,0,1,0,1,1,0,0,0,0,0,1
2227,235,WGN07,0.391,20.578947368421055,0,2007,0,0,0,0,0,0,1,0,1997,2002,1999.5,6,24,0,0,1,0,1,1,0,0,0,0,0,1
2228,235,WGN07,0.362,17.238095238095237,0,2007,0,0,0,0,0,0,1,0,1997,2002,1999.5,6,24,0,0,1,0,1,1,0,0,0,0,0,1
2229,235,WGN07,0.445,23.42105263157895,0,2007,0,0,0,0,0,0,1,0,1997,2002,1999.5,6,24,0,0,1,0,1,1,0,0,0,0,0,1
2230,235,WGN07,0.423,22.263157894736842,0,2007,0,0,0,0,0,0,1,0,1997,2002,1999.5,6,24,0,0,1,0,1,1,0,0,0,0,0,1
2231,236,Whe82,1.22,12.04,1,1982,0,0,0,0,0,0,0,1,1972,1972,1972.0,1,1,1,0,0,0,1,1,1,0,0,0,0,0
2232,236,Whe82,1.25,5.34,1,1982,0,0,0,0,0,0,0,1,1972,1972,1972.0,1,1,1,0,0,0,0,1,1,0,0,0,0,0
2233,236,Whe82,1.16,9.9,1,1982,0,0,0,0,0,0,0,1,1972,1972,1972.0,1,1,1,0,0,0,0,1,1,0,0,0,0,0
2234,237,Wij87,1.9131,5.6297,0,1987,0,0,0,0,0,0,0,1,1973,1981,1977.0,9,9,0,0,0,0,0,1,1,0,0,0,0,0
2244,241,YUF00,0.8477,22.1,1,2000,0,0,0,0,1,0,0,0,1985,1998,1991.5,14,56,0,1,1,0,0,1,1,0,0,0,0,0
2245,241,YUF00,0.8716,27.24,1,2000,0,0,0,0,1,0,0,0,1985,1998,1991.5,14,56,0,1,1,0,0,1,1,0,0,0,0,0
