study,prim_sec,grade,age,date,months,subject,country,n_study,es,se,z,p
Ardington et al. 2021,Primary,3,9.0,Mar 2021,12,Reading,South Africa,1001,-0.6535639066114207,0.06541402416524741,9.991189426909473,0.0
Ardington et al. 2021,Primary,4,10.0,Dec 2020,9,Reading,South Africa,4761,-0.6390626635961816,0.030443084426364495,20.9920471475859,0.0
Arenas and Gortazar 2022,Secondary,8,13.0,Mar 2021,12,Math,Spain,20748,-0.07913686888872516,0.015581597085766835,5.078867618840787,3.7969115251890173e-07
Arenas and Gortazar 2022,Secondary,8,13.0,Mar 2021,12,Reading,Spain,20748,-0.05673790548599882,0.015579243384407457,3.641890949773926,0.0002706427237506581
Arenas and Gortazar 2022,Secondary,8,13.0,Mar 2021,12,Reading,Spain,20748,0.02274948675492634,0.01557715372385828,1.4604392534229647,0.14416939126680162
Bazoli et al. 2022,Primary,5,10.0,Mar 2021,12,Math,Italy,34022,-0.142,0.033,4.303030303030303,1.684777965338391e-05
Bazoli et al. 2022,Secondary,8,13.0,Mar 2021,12,Math,Italy,31200,-0.291,0.068,4.279411764705881,1.8738790634298397e-05
Bazoli et al. 2022,Secondary,13,18.0,Mar 2021,12,Math,Italy,39434,-0.273,0.029,9.413793103448276,0.0
Bazoli et al. 2022,Primary,5,10.0,Mar 2021,12,Reading,Italy,33695,0.057,0.027,2.111111111111111,0.03476276262222844
Bazoli et al. 2022,Secondary,8,13.0,Mar 2021,12,Reading,Italy,31338,-0.02,0.065,0.3076923076923077,0.7583164735262904
Bazoli et al. 2022,Secondary,13,18.0,Mar 2021,12,Reading,Italy,39554,-0.316,0.023,13.73913043478261,0.0
Bielinski et al. 2021,Primary,1,6.0,Oct 2020,7,Math,United States,40000,-0.06,0.010002249746931938,5.998650455454207,1.9896411185271745e-09
Bielinski et al. 2021,Primary,2,7.0,Oct 2020,7,Math,United States,40000,-0.11,0.010007559642590196,10.991690674703726,0.0
Bielinski et al. 2021,Primary,3,8.0,Oct 2020,7,Math,United States,40000,-0.16,0.010015987220439131,15.974461276617436,0.0
Bielinski et al. 2021,Primary,4,9.0,Oct 2020,7,Math,United States,40000,-0.22,0.010030204384757073,21.933750456205516,0.0
Bielinski et al. 2021,Primary,5,10.0,Oct 2020,7,Math,United States,40000,-0.24,0.010035935432235504,23.914063778162433,0.0
Bielinski et al. 2021,Secondary,6,11.0,Oct 2020,7,Math,United States,40000,-0.21,0.01002752461976534,20.942356958771978,0.0
Bielinski et al. 2021,Secondary,7,12.0,Oct 2020,7,Math,United States,40000,-0.15,0.010014052626184865,14.978950640600608,0.0
Bielinski et al. 2021,Secondary,8,13.0,Oct 2020,7,Math,United States,40000,-0.12,0.010008995953640906,11.989214558164388,0.0
Bielinski et al. 2021,Primary,1,6.0,Oct 2020,7,Reading,United States,40000,-0.13,0.01001055692756402,12.986290467221222,0.0
Bielinski et al. 2021,Primary,2,7.0,Oct 2020,7,Reading,United States,40000,-0.08,0.01000399920031984,7.996801918720895,0.0
Bielinski et al. 2021,Primary,3,8.0,Oct 2020,7,Reading,United States,40000,-0.07,0.010003062031198247,6.997857234282775,0.0
Bielinski et al. 2021,Primary,4,9.0,Oct 2020,7,Reading,United States,40000,-0.12,0.010008995953640906,11.989214558164388,0.0
Bielinski et al. 2021,Primary,5,10.0,Oct 2020,7,Reading,United States,40000,-0.15,0.010014052626184865,14.978950640600608,0.0
Bielinski et al. 2021,Secondary,6,11.0,Oct 2020,7,Reading,United States,40000,-0.15,0.010014052626184865,14.978950640600608,0.0
Bielinski et al. 2021,Secondary,7,12.0,Oct 2020,7,Reading,United States,40000,-0.11,0.010007559642590196,10.991690674703726,0.0
Bielinski et al. 2021,Secondary,8,13.0,Oct 2020,7,Reading,United States,40000,-0.13,0.01001055692756402,12.986290467221222,0.0
Birkelund et al. 2021 ,Primary,3,8.0,May 2021,14,Math,Denmark,267523,0.020453056141696374,0.004984436649481713,4.10338370813141,0.0
Birkelund et al. 2021 ,Primary,6,11.0,May 2021,14,Math,Denmark,160626,-0.01022228333439247,0.005295912437501571,1.9302213650675446,0.0
Birkelund et al. 2021 ,Secondary,8,13.0,May 2021,14,Math,Denmark,151585,-0.012741446993321314,0.005442997421096282,2.3408879350075167,0.0
Birkelund et al. 2021 ,Primary,2,7.0,May 2021,14,Reading,Denmark,319869,0.08154260222965301,0.004958564855742894,16.444798969446225,0.0
Birkelund et al. 2021 ,Primary,4,9.0,May 2021,14,Reading,Denmark,325220,0.08765559904003786,0.004776249953916752,18.352389402936524,0.0
Birkelund et al. 2021 ,Primary,6,11.0,May 2021,14,Reading,Denmark,320524,0.05062349722623338,0.004741083571723326,10.677621784218488,0.0
Birkelund et al. 2021 ,Secondary,8,13.0,May 2021,14,Reading,Denmark,302354,-0.04523268918171723,0.004864077831184787,9.299334992487054,0.0
Blainey and Hannay 2021a,Primary,1,5.0,Dec 2020,9,Math,United Kingdom,83333,-0.09,0.0069317097457986514,12.983809666085557,0.0
Blainey and Hannay 2021a,Primary,2,6.0,Dec 2020,9,Math,United Kingdom,83333,-0.04,0.006928896015960985,5.772925428215177,0.0
Blainey and Hannay 2021a,Primary,3,7.0,Dec 2020,9,Math,United Kingdom,83333,-0.09,0.0069317097457986514,12.983809666085557,0.0
Blainey and Hannay 2021a,Primary,4,8.0,Dec 2020,9,Math,United Kingdom,83333,-0.06,0.0069297619006716245,8.658306138077394,0.0
Blainey and Hannay 2021a,Primary,5,9.0,Dec 2020,9,Math,United Kingdom,83333,-0.09,0.0069317097457986514,12.983809666085557,0.0
Blainey and Hannay 2021a,Primary,6,10.0,Dec 2020,9,Math,United Kingdom,83333,-0.02,0.006928376433191256,2.886679179870697,0.0
Blainey and Hannay 2021a,Primary,1,5.0,Dec 2020,9,Reading,United Kingdom,83333,-0.14,0.006936685087273315,20.18255092145627,0.0
Blainey and Hannay 2021a,Primary,2,6.0,Dec 2020,9,Reading,United Kingdom,83333,-0.05,0.006929285677470658,7.215750991846984,0.0
Blainey and Hannay 2021a,Primary,3,7.0,Dec 2020,9,Reading,United Kingdom,83333,-0.07,0.006930324667719399,10.100536894909327,0.0
Blainey and Hannay 2021a,Primary,4,8.0,Dec 2020,9,Reading,United Kingdom,83333,-0.01,0.006928246531410383,1.4433666519606803,0.0
Blainey and Hannay 2021a,Primary,5,9.0,Dec 2020,9,Reading,United Kingdom,83333,-0.01,0.006928246531410383,1.4433666519606803,0.0
Blainey and Hannay 2021a,Primary,6,10.0,Dec 2020,9,Reading,United Kingdom,83333,0.01,0.006928246531410383,1.4433666519606803,0.0
Blainey and Hannay 2021b,Primary,1,5.0,Mar 2021,12,Math,United Kingdom,50000,-0.26,0.008981981963909747,28.946840579807308,0.0
Blainey and Hannay 2021b,Primary,2,6.0,Mar 2021,12,Math,United Kingdom,50000,-0.21,0.008968890678339211,23.414266884439954,0.0
Blainey and Hannay 2021b,Primary,3,7.0,Mar 2021,12,Math,United Kingdom,50000,-0.19,0.008964429708576001,21.194878667879195,0.0
Blainey and Hannay 2021b,Primary,4,8.0,Mar 2021,12,Math,United Kingdom,50000,-0.18,0.008962365759106243,20.083982827537515,0.0
Blainey and Hannay 2021b,Primary,5,9.0,Mar 2021,12,Math,United Kingdom,50000,-0.21,0.008968890678339211,23.414266884439954,0.0
Blainey and Hannay 2021b,Primary,6,10.0,Mar 2021,12,Math,United Kingdom,50000,-0.22,0.008971287533013309,24.522678510796275,0.0
Blainey and Hannay 2021b,Primary,1,5.0,Mar 2021,12,Reading,United Kingdom,50000,-0.3,0.008994442728707544,33.35392853661635,0.0
Blainey and Hannay 2021b,Primary,2,6.0,Mar 2021,12,Reading,United Kingdom,50000,-0.2,0.008966604708583958,22.304986837273525,0.0
Blainey and Hannay 2021b,Primary,3,7.0,Mar 2021,12,Reading,United Kingdom,50000,-0.13,0.008953714313065835,14.519114130132078,0.0
Blainey and Hannay 2021b,Primary,4,8.0,Mar 2021,12,Reading,United Kingdom,50000,-0.11,0.00895103345988607,12.28908376814403,0.0
Blainey and Hannay 2021b,Primary,5,9.0,Mar 2021,12,Reading,United Kingdom,50000,-0.13,0.008953714313065835,14.519114130132078,0.0
Blainey and Hannay 2021b,Primary,6,10.0,Mar 2021,12,Reading,United Kingdom,50000,-0.17,0.00896041293691312,18.972339913004653,0.0
Blainey and Hannay 2021c,Primary,1,5.0,Jul 2021,16,Math,United Kingdom,83333,-0.18,0.006942218665527614,25.928310338856182,0.0
Blainey and Hannay 2021c,Primary,2,6.0,Jul 2021,16,Math,United Kingdom,83333,-0.21,0.0069472728462325415,30.227688569030587,0.0
Blainey and Hannay 2021c,Primary,3,7.0,Jul 2021,16,Math,United Kingdom,83333,-0.15,0.006937939175288293,21.620252961322198,0.0
Blainey and Hannay 2021c,Primary,4,8.0,Jul 2021,16,Math,United Kingdom,83333,-0.13,0.006935517284240592,18.74409574256211,0.0
Blainey and Hannay 2021c,Primary,5,9.0,Jul 2021,16,Math,United Kingdom,83333,-0.11,0.006933440704296821,15.865138924723238,0.0
Blainey and Hannay 2021c,Primary,6,10.0,Jul 2021,16,Math,United Kingdom,83333,-0.18,0.006942218665527614,25.928310338856182,0.0
Blainey and Hannay 2021c,Primary,1,5.0,Jul 2021,16,Reading,United Kingdom,83333,-0.23,0.00695107185979256,33.08842213679314,0.0
Blainey and Hannay 2021c,Primary,2,6.0,Jul 2021,16,Reading,United Kingdom,83333,-0.05,0.006929285677470658,7.215750991846984,0.0
Blainey and Hannay 2021c,Primary,3,7.0,Jul 2021,16,Reading,United Kingdom,83333,-0.08,0.006930973957532953,11.542389351074062,0.0
Blainey and Hannay 2021c,Primary,4,8.0,Jul 2021,16,Reading,United Kingdom,83333,-0.05,0.006929285677470658,7.215750991846984,0.0
Blainey and Hannay 2021c,Primary,5,9.0,Jul 2021,16,Reading,United Kingdom,83333,-0.05,0.006929285677470658,7.215750991846984,0.0
Blainey and Hannay 2021c,Primary,6,10.0,Jul 2021,16,Reading,United Kingdom,83333,-0.02,0.006928376433191256,2.886679179870697,0.0
Borgonovi and Ferrara 2022,Primary,5,10.0,Mar 2021,12,Math,Italy,829020,0.03704991950544423,0.0021994985010380112,16.844712323267885,0.0
Borgonovi and Ferrara 2022,Secondary,8,13.0,Mar 2021,12,Math,Italy,881359,-0.13818118639015278,0.0021329483033546183,64.78412354055969,0.0
Borgonovi and Ferrara 2022,Primary,5,10.0,Mar 2021,12,Reading,Italy,829020,0.033189591653278804,0.0021994613252082074,15.08987281244283,0.0
Borgonovi and Ferrara 2022,Secondary,8,13.0,Mar 2021,12,Reading,Italy,881359,-0.07561693602817386,0.002131168720643301,35.48144043956718,0.0
Contini et al. 2022,Primary,3,8.0,Oct 2020,7,Math,Italy,1539,-0.188,0.052520305397325245,3.5795679133574585,0.0
Department for Education 2021a,Primary,3-6,8.5,Sep 2020,6,Math,United Kingdom,14551,-0.21,0.016625599417029582,12.631123530192676,0.0
Department for Education 2021a,Primary,3-6,8.5,Nov 2020,8,Math,United Kingdom,8870,-0.185,0.021281154627447715,8.69313734328086,0.0
Department for Education 2021a,Primary,3-6,8.5,Sep 2020,6,Reading,United Kingdom,228355,-0.09,0.004187400334423235,21.49304886378781,0.0
Department for Education 2021a,Primary,3-6,8.5,Nov 2020,8,Reading,United Kingdom,112971,-0.06,0.005951743460084352,10.081079670586076,0.0
Department for Education 2021a,Secondary,9,13.0,Sep 2020,6,Reading,United Kingdom,107274,-0.05,0.006107319019093763,8.186898349943945,0.0
Department for Education 2021a,Secondary,9,13.0,Nov 2020,8,Reading,United Kingdom,13475,-0.09,0.01723793977591279,5.221041561228815,0.0
Department for Education 2021b,Primary,3-6,8.5,Mar 2021,12,Math,United Kingdom,11764,-0.23,0.018500507726199506,12.432091237922371,0.0
Department for Education 2021b,Primary,3-6,8.5,Mar 2021,12,Reading,United Kingdom,165207,-0.11,0.004924293842831795,22.33822828426963,0.0
Depping et al. 2021,Primary,4,9.0,Sep 2020,6,Math,Germany,27402,-0.0305,0.012084275345369376,2.5239411655484516,0.0
Depping et al. 2021,Secondary,5,10.0,Sep 2020,6,Math,Germany,27806,-0.021111111111111112,0.01199532776114604,1.7599444993484816,0.0
Depping et al. 2021,Primary,4,9.0,Sep 2020,6,Reading,Germany,27402,0.0,0.01208357300208535,0.0,0.0
Depping et al. 2021,Secondary,5,10.0,Sep 2020,6,Reading,Germany,27806,0.052777777777777785,0.011997081395776444,4.399218112861861,0.0
Domingue et al. 2021a,Primary,1,6.0,Jun 2020,3,Reading,United States,8029,-0.142701910695359,0.110894814253431,1.2868222166749688,0.0
Domingue et al. 2021a,Primary,1,6.0,Dec 2020,9,Reading,United States,11258,0.00578115237038016,0.0506863245246803,0.11405743905469391,0.0
Domingue et al. 2021a,Primary,2,7.0,Jun 2020,3,Reading,United States,8985,-0.193966246872328,0.102352199035563,1.8950862678087945,0.0
Domingue et al. 2021a,Primary,2,7.0,Dec 2020,9,Reading,United States,12198,-0.0516942412715623,0.0441992517065003,1.1695727704810832,0.0
Domingue et al. 2021a,Primary,3,8.0,Jun 2020,3,Reading,United States,8058,-0.207269493332744,0.0878576276670659,2.359151946580963,0.0
Domingue et al. 2021a,Primary,3,8.0,Dec 2020,9,Reading,United States,13258,-0.0405116580049569,0.0477518411119427,0.8483789747496242,0.0
Domingue et al. 2021a,Primary,4,9.0,Jun 2020,3,Reading,United States,7209,0.0202120206611845,0.112389205307881,0.17983951933653528,0.0
Domingue et al. 2021a,Primary,4,9.0,Dec 2020,9,Reading,United States,12827,-0.0433236562193901,0.0566888802173842,0.7642355264958025,0.0
Domingue et al. 2021b,Primary,1,6.0,Mar 2021,12,Reading,United States,14760,-0.054998228,0.0263026124986307,2.0909796699040135,0.0
Domingue et al. 2021b,Primary,2,7.0,Mar 2021,12,Reading,United States,17584,-0.156618949,0.0246272486852139,6.359579626693476,0.0
Domingue et al. 2021b,Primary,3,8.0,Mar 2021,12,Reading,United States,20449,-0.099410262,0.0208493691864462,4.7680225291720015,0.0
Domingue et al. 2021b,Primary,4,9.0,Mar 2021,12,Reading,United States,20092,-0.040492298,0.0224125963276436,1.8066759159918022,0.0
Engzell et al. 2021,Primary,4,8.0,Jun 2020,3,Math,Netherlands,92180,-0.05321770251418622,0.008448163603290744,6.2993219607462105,0.0
Engzell et al. 2021,Primary,5,9.0,Jun 2020,3,Math,Netherlands,93417,-0.07231188274015525,0.008392807490005443,8.615934873553064,0.0
Engzell et al. 2021,Primary,6,10.0,Jun 2020,3,Math,Netherlands,93769,-0.09788719990853476,0.00837842503758159,11.683245892809184,0.0
Engzell et al. 2021,Primary,7,11.0,Jun 2020,3,Math,Netherlands,73263,-0.05601556426589131,0.009476399517024881,5.911059803383788,0.0
Engzell et al. 2021,Primary,4,8.0,Jun 2020,3,Reading,Netherlands,76397,-0.048169138939604325,0.009045699570519403,5.32508719354234,0.0
Engzell et al. 2021,Primary,5,9.0,Jun 2020,3,Reading,Netherlands,79016,-0.08459861217964451,0.008896245952340787,9.509473167992265,0.0
Engzell et al. 2021,Primary,6,10.0,Jun 2020,3,Reading,Netherlands,68412,-0.08052741807866404,0.009560629448516397,8.422815517775366,0.0
Engzell et al. 2021,Primary,7,11.0,Jun 2020,3,Reading,Netherlands,48537,-0.06608301010409204,0.011349569600902179,5.822512432439648,0.0
Gambi and De Witte 2021,Primary,6,11.0,Jun 2021,15,Math,Belgium,4535,-0.14,0.06,2.3333333333333335,0.0
Gambi and De Witte 2021,Primary,6,11.0,Jun 2021,15,Reading,Belgium,4534,-0.3,0.07,4.285714285714286,0.0
GL Assessment 2021,Primary,1-6,7.5,Oct 2020,7,Math,United Kingdom,175763,-0.44,0.004868710880703887,90.37299827020898,0.0
GL Assessment 2021,Secondary,7-11,13.0,Oct 2020,7,Math,United Kingdom,175763,-0.26666666666666666,0.004832793873488403,55.178572404988905,0.0
GL Assessment 2021,Primary,1-6,7.5,Oct 2020,7,Reading,United Kingdom,79944,-0.12666666666666665,0.0073674105471310414,17.192834016287062,0.0
GL Assessment 2021,Secondary,7-11,13.0,Oct 2020,7,Reading,United Kingdom,79944,-0.03333333333333333,0.007361069178967528,4.528327682149118,0.0
Gore et al. 2021,Primary,3,9.0,Nov 2020,9,Math,Australia,1301,0.06,0.035714994875597234,1.6799666417142853,0.0
Gore et al. 2021,Primary,4,10.0,Nov 2020,9,Math,Australia,1368,-0.01,0.03571499487559723,0.2799944402857143,0.0
Gore et al. 2021,Primary,3,9.0,Nov 2020,9,Reading,Australia,1303,0.04,0.035714994875597234,1.119977761142857,0.0
Gore et al. 2021,Primary,4,10.0,Nov 2020,9,Reading,Australia,1387,0.07,0.035714994875597234,1.959961082,0.0
Haelermans 2021,Primary,1-5,8.0,Jun 2021,15,Math,Netherlands,500619,-0.104,0.00692,15.028901734104046,0.0
Haelermans 2021,Primary,2-5,8.5,Jun 2021,15,Reading,Netherlands,286131,-0.0693,0.00673,10.297176820208024,0.0
Haelermans et al. 2021,Primary,1-5,8.0,Mar 2021,12,Math,Netherlands,450602,-0.124,0.00624,19.871794871794872,0.0
Haelermans et al. 2021,Primary,2-5,8.5,Mar 2021,12,Reading,Netherlands,425461,-0.171,0.00616,27.759740259740262,0.0
Haelermans et al. 2022,Primary,1,6.0,Jul 2020,4,Math,Netherlands,61144,-0.131,0.017252799111862574,7.592970807266157,0.0
Haelermans et al. 2022,Primary,2,7.0,Jul 2020,4,Math,Netherlands,55801,-0.129,0.015325323197941438,8.417440750438974,0.0
Haelermans et al. 2022,Primary,3,8.0,Jul 2020,4,Math,Netherlands,62578,-0.166,0.015155251793772102,10.953298715117095,0.0
Haelermans et al. 2022,Primary,4,9.0,Jul 2020,4,Math,Netherlands,68709,-0.265,0.015778846942393534,16.794636576898153,0.0
Haelermans et al. 2022,Primary,5,10.0,Jul 2020,4,Math,Netherlands,63207,-0.326,0.016364648445644,19.920990119819887,0.0
Haelermans et al. 2022,Primary,2,7.0,Jul 2020,4,Reading,Netherlands,42120,-0.0632,0.014709286778394106,4.296605331866396,0.0
Haelermans et al. 2022,Primary,3,8.0,Jul 2020,4,Reading,Netherlands,56746,-0.163,0.015136354971086619,10.76877493368527,0.0
Haelermans et al. 2022,Primary,4,9.0,Jul 2020,4,Reading,Netherlands,58872,-0.116,0.014437172531722905,8.034814278565444,0.0
Haelermans et al. 2022,Primary,5,10.0,Jul 2020,4,Reading,Netherlands,44081,-0.2,0.015873331055820936,12.599749812857187,0.0
Hallin et al. 2022,Primary,1,7.0,Sep 2020,6,Reading,Sweden,17640,0.17861237991363887,0.01514221581032986,11.795656735508379,0.0
Hallin et al. 2022,Primary,1,7.0,Dec 2020,9,Reading,Sweden,29961,0.04602250499058942,0.011643467146514703,3.9526460985777394,0.0
Hallin et al. 2022,Primary,1,7.0,May 2021,14,Reading,Sweden,32573,0.056412239009984474,0.011139574793999407,5.064128573414871,0.0
Hallin et al. 2022,Primary,2,8.0,Sep 2020,6,Reading,Sweden,35260,0.048946502590673756,0.010665999902721532,4.589021473568979,0.0
Hallin et al. 2022,Primary,2,8.0,Dec 2020,9,Reading,Sweden,36957,0.021638791751825558,0.010479377129646136,2.0648929305740378,0.0
Hallin et al. 2022,Primary,2,8.0,May 2021,14,Reading,Sweden,36363,0.046238392757719224,0.01057114545077211,4.374019161219847,0.0
Hallin et al. 2022,Primary,3,9.0,Sep 2020,6,Reading,Sweden,32860,0.07152067778866814,0.011037418166426958,6.479837649552501,0.0
Hallin et al. 2022,Primary,3,9.0,Dec 2020,9,Reading,Sweden,26028,0.08477137490238265,0.012407350659524976,6.832351017443411,0.0
Hallin et al. 2022,Primary,3,9.0,May 2021,14,Reading,Sweden,18154,0.04731641561548016,0.014846789321421208,3.186979662142252,0.0
Hevia et al. 2022,Secondary,7,12.07,Mar 2021,12,Math,Mexico,3093,-0.701675,0.07960617250664366,8.814329064011218,0.0
Hevia et al. 2022,Secondary,7,12.07,Mar 2021,12,Reading,Mexico,3093,-0.386075,0.07819032806693248,4.937631156496902,0.0
Kogan and Lavertu 2021a,Primary,3,8.0,Oct 2020,7,Reading,United States,219545,-0.228,0.004296274000479718,53.0692409223764,0.0
Kogan and Lavertu 2021b,Primary,5,10.0,Apr 2021,13,Math,United States,366668,-0.3349878,0.0078067,42.91029500301023,0.0
Kogan and Lavertu 2021b,Secondary,6,11.0,Apr 2021,13,Math,United States,369737,-0.3535943,0.0070831,49.92083974530925,0.0
Kogan and Lavertu 2021b,Secondary,7,12.0,Apr 2021,13,Math,United States,368571,-0.3069384,0.0078493,39.10392009478552,0.0
Kogan and Lavertu 2021b,Secondary,8,13.0,Apr 2021,13,Math,United States,292129,-0.2843241,0.0100094,28.405708633884153,0.0
Kogan and Lavertu 2021b,Primary,3,8.0,Apr 2021,13,Reading,United States,353088,-0.3198526,0.0132477,24.14400990360591,0.0
Kogan and Lavertu 2021b,Primary,5,10.0,Apr 2021,13,Reading,United States,366668,-0.1459625,0.0086642,16.846621730800305,0.0
Kogan and Lavertu 2021b,Secondary,6,11.0,Apr 2021,13,Reading,United States,369737,-0.1757102,0.0094673,18.559694949985744,0.0
Kogan and Lavertu 2021b,Secondary,7,12.0,Apr 2021,13,Reading,United States,368858,-0.1483842,0.0051946,28.565086820929427,0.0
Kogan and Lavertu 2021b,Secondary,8,13.0,Apr 2021,13,Reading,United States,370938,-0.0780754,0.0068264,11.437272940349233,0.0
Kozakowski et al. 2021,Primary,2,7.0,Jan 2021,10,Math,United States,1257,-0.4323499491353,0.057066049460264126,7.576307685997279,0.0
Kozakowski et al. 2021,Primary,3,8.0,Jan 2021,10,Math,United States,1257,-0.126144455747711,0.05646688691002384,2.2339544935196027,0.0
Kozakowski et al. 2021,Primary,4,9.0,Jan 2021,10,Math,United States,1257,-0.128179043743641,0.05646870940712404,2.269912755035801,0.0
Kozakowski et al. 2021,Primary,5,10.0,Jan 2021,10,Math,United States,1257,-0.239064089521871,0.056611952288934245,4.222855419324588,0.0
Kozakowski et al. 2021,Secondary,6,11.0,Jan 2021,10,Math,United States,1257,-0.00508646998982705,0.05641090394948616,0.09016820567849422,0.0
Kozakowski et al. 2021,Secondary,7,12.0,Jan 2021,10,Math,United States,1257,0.0193285859613428,0.056412129889427155,0.34263173539500397,0.0
Kozakowski et al. 2021,Primary,2,7.0,Jan 2021,10,Reading,United States,1232,-0.168695652173913,0.05708154561913004,2.9553448552272052,0.0
Kozakowski et al. 2021,Primary,3,8.0,Jan 2021,10,Reading,United States,1232,-0.0447826086956521,0.056987429841320936,0.7858331007442757,0.0
Kozakowski et al. 2021,Primary,4,9.0,Jan 2021,10,Reading,United States,1232,-0.15695652173913,0.05706795387485733,2.7503443015201743,0.0
Kozakowski et al. 2021,Primary,5,10.0,Jan 2021,10,Reading,United States,1232,-0.187826086956521,0.05710578671372762,3.289090261519322,0.0
Kozakowski et al. 2021,Secondary,6,11.0,Jan 2021,10,Reading,United States,1232,0.00869565217391301,0.05698055751220834,0.15260735509739315,0.0
Kozakowski et al. 2021,Secondary,7,12.0,Jan 2021,10,Reading,United States,1232,-0.0634782608695652,0.05699463651572549,1.1137584999257046,0.0
Kuhfeld and Lewis 2022,Secondary,2,7.0,Sep 2020,6,Math,United States,1411251,0.02519831050991753,0.0016921208169437948,14.891555175965022,0.0
Kuhfeld and Lewis 2022,Secondary,2,7.0,May 2021,14,Math,United States,1493373,-0.22349148098723826,0.0016465695143560877,135.73157952862834,0.0
Kuhfeld and Lewis 2022,Primary,3,8.0,Sep 2020,6,Math,United States,1513849,-0.10573298099142153,0.0016325188997336878,64.76677299642272,0.0
Kuhfeld and Lewis 2022,Primary,3,8.0,May 2021,14,Math,United States,1492740,-0.26287111748022196,0.0016464828791723678,159.6561499700249,0.0
Kuhfeld and Lewis 2022,Primary,3,8.0,Sep 2021,18,Math,United States,1655896,-0.2249947646681663,0.0015593940116671694,144.2834607448706,0.0
Kuhfeld and Lewis 2022,Primary,3,8.0,May 2022,26,Math,United States,1549083,-0.18366889158865612,0.0016120890959826603,113.93222126888679,0.0
Kuhfeld and Lewis 2022,Primary,4,9.0,Sep 2020,6,Math,United States,1524302,-0.16356389656333148,0.0016265999572666514,100.55569953302178,0.0
Kuhfeld and Lewis 2022,Primary,4,9.0,May 2021,14,Math,United States,1497103,-0.2823515609375697,0.0016441298973269944,171.73312242336405,0.0
Kuhfeld and Lewis 2022,Primary,4,9.0,Sep 2021,18,Math,United States,1667582,-0.24822173652451396,0.0015549637920852072,159.63184338308514,0.0
Kuhfeld and Lewis 2022,Primary,4,9.0,May 2022,26,Math,United States,1554105,-0.19081545812025358,0.0016096985578260398,118.54111267761664,0.0
Kuhfeld and Lewis 2022,Primary,5,10.0,Sep 2020,6,Math,United States,1562047,-0.15136837540401682,0.0016065272930606924,94.22085516868859,0.0
Kuhfeld and Lewis 2022,Primary,5,10.0,May 2021,14,Math,United States,1522145,-0.2717416545733124,0.0016298674819138993,166.72622626608586,0.0
Kuhfeld and Lewis 2022,Primary,5,10.0,Sep 2021,18,Math,United States,1705410,-0.25390103919288726,0.0015380336944291735,165.0815844363671,0.0
Kuhfeld and Lewis 2022,Primary,5,10.0,May 2022,26,Math,United States,1576095,-0.21752259737205068,0.0015997896621582647,135.9694980642596,0.0
Kuhfeld and Lewis 2022,Secondary,6,11.0,Sep 2020,6,Math,United States,1502426,-0.13234480982830235,0.0016383223916216821,80.78068791900094,0.0
Kuhfeld and Lewis 2022,Secondary,6,11.0,May 2021,14,Math,United States,1444125,-0.20622489953335912,0.0016706791098367684,123.43776750372372,0.0
Kuhfeld and Lewis 2022,Secondary,6,11.0,Sep 2021,18,Math,United States,1681914,-0.217692912667153,0.0015474868519077542,140.67512909643105,0.0
Kuhfeld and Lewis 2022,Secondary,6,11.0,May 2022,26,Math,United States,1523961,-0.18744144786693273,0.0016267061693343815,115.227600042625,0.0
Kuhfeld and Lewis 2022,Secondary,7,12.0,Sep 2020,6,Math,United States,1444733,-0.12398222003957902,0.0016682212021758448,74.32001216497561,0.0
Kuhfeld and Lewis 2022,Secondary,7,12.0,May 2021,14,Math,United States,1372493,-0.20187464816055797,0.0017124240097055906,117.88823738535724,0.0
Kuhfeld and Lewis 2022,Secondary,7,12.0,Sep 2021,18,Math,United States,1630926,-0.22617699012924272,0.0015711580318209996,143.95559552154,0.0
Kuhfeld and Lewis 2022,Secondary,7,12.0,May 2022,26,Math,United States,1467517,-0.206673094496958,0.0016560005367992957,124.8025528399973,0.0
Kuhfeld and Lewis 2022,Secondary,8,13.0,Sep 2021,18,Math,United States,1509636,-0.2545133067506074,0.0016348483183391226,155.68007373868966,0.0
Kuhfeld and Lewis 2022,Secondary,8,13.0,May 2022,26,Math,United States,1306823,-0.23846717177910218,0.001755894188780675,135.80953414094853,0.0
Kuhfeld and Lewis 2022,Primary,2,7.0,Sep 2020,6,Reading,United States,1381462,0.09482453450255851,0.0017111658073745617,55.415164383191836,0.0
Kuhfeld and Lewis 2022,Secondary,2,7.0,May 2021,14,Reading,United States,1449971,-0.13877535286857162,0.0016698096248121748,83.10848782188657,0.0
Kuhfeld and Lewis 2022,Primary,3,8.0,Sep 2020,6,Reading,United States,1515911,0.05355778566765899,0.0016305089237541564,32.847281537316064,0.0
Kuhfeld and Lewis 2022,Primary,3,8.0,May 2021,14,Reading,United States,1491781,-0.13651101222321627,0.0016429426767157421,83.089333643766,0.0
Kuhfeld and Lewis 2022,Secondary,3,8.0,Sep 2021,18,Reading,United States,1632126,-0.13248564379666025,0.0015678291634894312,84.5026019938258,0.0
Kuhfeld and Lewis 2022,Primary,3,8.0,May 2022,26,Reading,United States,1548650,-0.11738968693216723,0.0016112921461797986,72.85437790439532,0.0
Kuhfeld and Lewis 2022,Primary,4,9.0,Sep 2020,6,Reading,United States,1515258,0.03185075448419983,0.0016293219127787634,19.548472425488495,0.0
Kuhfeld and Lewis 2022,Primary,4,9.0,May 2021,14,Reading,United States,1475734,-0.12756538567846293,0.0016509803877310738,77.26644521427343,0.0
Kuhfeld and Lewis 2022,Primary,4,9.0,Sep 2021,18,Reading,United States,1641105,-0.1062614928026993,0.0015626790428324036,67.99956349967879,0.0
Kuhfeld and Lewis 2022,Primary,4,9.0,May 2022,26,Reading,United States,1537619,-0.08747182575590531,0.001615980906762538,54.1292445906101,0.0
Kuhfeld and Lewis 2022,Primary,5,10.0,Sep 2020,6,Reading,United States,1545912,0.00917711795544291,0.0016131687645247934,5.688876549842138,0.0
Kuhfeld and Lewis 2022,Primary,5,10.0,May 2021,14,Reading,United States,1493491,-0.13085067390213082,0.0016411496121682425,79.73110612947374,0.0
Kuhfeld and Lewis 2022,Primary,5,10.0,Sep 2021,18,Reading,United States,1676182,-0.10028497850079104,0.0015462958825672437,64.85497350888144,0.0
Kuhfeld and Lewis 2022,Primary,5,10.0,May 2022,26,Reading,United States,1555291,-0.09600063230759873,0.0016073956544524176,59.72433236439396,0.0
Kuhfeld and Lewis 2022,Secondary,6,11.0,Sep 2020,6,Reading,United States,1490365,0.02610218161229446,0.0016433312827059084,15.88370031471355,0.0
Kuhfeld and Lewis 2022,Secondary,6,11.0,May 2021,14,Reading,United States,1428637,-0.12069463201752602,0.001676925907029584,71.97374166120314,0.0
Kuhfeld and Lewis 2022,Secondary,6,11.0,Sep 2021,18,Reading,United States,1660636,-0.09331010611883794,0.0015534844281478903,60.0650411604608,0.0
Kuhfeld and Lewis 2022,Secondary,6,11.0,May 2022,26,Reading,United States,1509039,-0.09964060886501735,0.0016323847243335126,61.039905225589315,0.0
Kuhfeld and Lewis 2022,Secondary,7,12.0,Sep 2020,6,Reading,United States,1446528,0.013509358715056647,0.0016657913938457071,8.109874240536472,0.0
Kuhfeld and Lewis 2022,Secondary,7,12.0,May 2021,14,Reading,United States,1366619,-0.12620619926563137,0.001713434936778589,73.65683782712539,0.0
Kuhfeld and Lewis 2022,Secondary,7,12.0,Sep 2021,18,Reading,United States,1622963,-0.10485899007844536,0.0015711315795360118,66.74106194811031,0.0
Kuhfeld and Lewis 2022,Secondary,7,12.0,May 2022,26,Reading,United States,1459341,-0.11525499095164778,0.0016577389170306484,69.52541788552155,0.0
Kuhfeld and Lewis 2022,Secondary,8,13.0,Sep 2021,18,Reading,United States,1594989,-0.11633064659027817,0.0015862516760491712,73.33681555503183,0.0
Kuhfeld and Lewis 2022,Secondary,8,13.0,May 2022,26,Reading,United States,1392208,-0.11581054469170822,0.0016964724222848218,68.26550385990579,0.0
Lewis et al. 2021,Secondary,3,8.0,Jan 2021,10,Math,United States,1021983,-0.1869294620925278,0.001997321656828797,93.59006420093642,0.0
Lewis et al. 2021,Secondary,4,9.0,Jan 2021,10,Math,United States,1020304,-0.1930621314321771,0.0019991428850284587,96.5724525635539,0.0
Lewis et al. 2021,Secondary,5,10.0,Jan 2021,10,Math,United States,1025917,-0.16768892539202426,0.0019907592746638055,84.23365272043911,0.0
Lewis et al. 2021,Secondary,6,11.0,Jan 2021,10,Math,United States,912879,-0.1362222573688471,0.0021120457011353055,64.49777923632165,0.0
Lewis et al. 2021,Secondary,7,12.0,Jan 2021,10,Math,United States,850108,-0.11897587347813114,0.002183264010236814,54.49449673529226,0.0
Lewis et al. 2021,Secondary,8,13.0,Jan 2021,10,Math,United States,824976,-0.1216931216931208,0.0022119930146500045,55.01514737485545,0.0
Lewis et al. 2021,Primary,3,8.0,Jan 2021,10,Reading,United States,977428,-0.07224198246278662,0.0020342799242272698,35.512311556743136,0.0
Lewis et al. 2021,Primary,4,9.0,Jan 2021,10,Reading,United States,955232,-0.06208187043871588,0.002059213196292656,30.148345275994814,0.0
Lewis et al. 2021,Primary,5,10.0,Jan 2021,10,Reading,United States,946149,-0.06979872475433882,0.0020680000352301217,33.75180056347136,0.0
Lewis et al. 2021,Primary,6,11.0,Jan 2021,10,Reading,United States,860667,-0.03163543330685404,0.00216818657441358,14.590733878799309,0.0
Lewis et al. 2021,Primary,7,12.0,Jan 2021,10,Reading,United States,818714,-0.024683834758817896,0.002220209236874822,11.117796624233033,0.0
Lewis et al. 2021,Primary,8,13.0,Jan 2021,10,Reading,United States,805442,-0.024528340089559432,0.002237344072286032,10.963150636235097,0.0
Lichand et al. 2022,Secondary,6-12,14.0,Nov 2020,8,Math,Brazil,10884922,-0.355,0.0002,1774.9999999999998,0.0
Lichand et al. 2022,Secondary,6-12,14.0,Nov 2020,8,Reading,Brazil,10884922,-0.267,0.0002,1335.0,0.0
Locke et al. 2021,Primary,1,6.0,Sep 2020,6,Math,United States,7201,-0.06,0.02357389172494807,2.545188579809351,0.0
Locke et al. 2021,Primary,2,7.0,Sep 2020,6,Math,United States,7401,-0.12,0.023268870748259417,5.157104583984866,0.0
Locke et al. 2021,Primary,3,8.0,Sep 2020,6,Math,United States,7561,-0.07,0.02300770702888822,3.0424587687990283,0.0
Locke et al. 2021,Primary,4,9.0,Sep 2020,6,Math,United States,7668,-0.25,0.02292866736571162,10.903381169629565,0.0
Locke et al. 2021,Primary,5,10.0,Sep 2020,6,Math,United States,3398,-0.17,0.03437172585937589,4.9459256336302815,0.0
Locke et al. 2021,Secondary,6,11.0,Sep 2020,6,Math,United States,1344,-0.4,0.055097316501933974,7.259881703784242,0.0
Locke et al. 2021,Secondary,7,12.0,Sep 2020,6,Math,United States,7097,-0.07,0.023747918784837636,2.947626721912701,0.0
Locke et al. 2021,Primary,1,6.0,Sep 2020,6,Reading,United States,7427,-0.19,0.02325953115792061,8.16869431761091,0.0
Locke et al. 2021,Primary,2,7.0,Sep 2020,6,Reading,United States,8233,-0.016,0.02204234961903569,0.7258754296403347,0.0
Locke et al. 2021,Primary,3,8.0,Sep 2020,6,Reading,United States,8302,-0.12,0.021969953858868907,5.462005098911848,0.0
Locke et al. 2021,Primary,4,9.0,Sep 2020,6,Reading,United States,7658,-0.2,0.022911596145208397,8.729204143283877,0.0
Locke et al. 2021,Primary,5,10.0,Sep 2020,6,Reading,United States,7790,-0.2,0.022716650569432763,8.804114822680658,0.0
Locke et al. 2021,Secondary,6,11.0,Sep 2020,6,Reading,United States,3258,-0.05,0.03504469653263467,1.4267494071018278,0.0
Locke et al. 2021,Secondary,7,12.0,Sep 2020,6,Reading,United States,1153,-0.08,0.05892356169782154,1.3576911798079183,0.0
Ludewig et al. 2022,Primary,4,10.45,Jun 2021,15,Reading,Germany,4290,-0.1386070677545818,0.030585046981885328,4.531857277730353,0.0
Maldonado and De Witte 2021,Primary,6,11.0,Jun 2020,3,Math,Belgium,3470,-0.16,0.08,2.0,0.0
Maldonado and De Witte 2021,Primary,6,11.0,Jun 2020,3,Reading,Belgium,3655,-0.2,0.06,3.3333333333333335,0.0
Pier et al. 2021,Primary,4,9.0,Jan 2021,10,Math,United States,2841,-0.227295918367347,0.019328267999366718,11.759766491999917,0.0
Pier et al. 2021,Primary,4,9.0,Jan 2021,10,Math,United States,18396,-0.21466836734693848,0.006442755999789014,33.319338393999146,0.0
Pier et al. 2021,Primary,5,10.0,Jan 2021,10,Math,United States,19155,-0.25676020408163247,0.006442755999789014,39.85254200066568,0.0
Pier et al. 2021,Primary,5,10.0,Jan 2021,10,Math,United States,2863,-0.21045918367346925,0.025771023999155363,8.16650450833335,0.0
Pier et al. 2021,Secondary,6,11.0,Jan 2021,10,Math,United States,1700,-0.29043367346938725,0.042951706665258806,6.761865732900028,0.0
Pier et al. 2021,Secondary,6,11.0,Jan 2021,10,Math,United States,15433,-0.20204081632653,0.0064427559997886595,31.359377312000877,0.0
Pier et al. 2021,Secondary,7,12.0,Jan 2021,10,Math,United States,986,-0.20625,0.07731307199746634,2.667724806055554,0.0
Pier et al. 2021,Secondary,7,12.0,Jan 2021,10,Math,United States,17444,-0.19783163265306072,0.015033097332840546,13.159738693428647,0.0
Pier et al. 2021,Secondary,8,13.0,Jan 2021,10,Math,United States,15731,-0.016836734693877448,0.012885511999577678,1.3066407213333293,0.0
Pier et al. 2021,Secondary,8,13.0,Jan 2021,10,Math,United States,1017,0.3325255102040812,0.13959304666209196,2.382106545815381,0.0
Pier et al. 2021,Primary,4,9.0,Jan 2021,10,Reading,United States,18323,-0.24834183673469326,0.008590341333051916,28.90942595949958,0.0
Pier et al. 2021,Primary,4,9.0,Jan 2021,10,Reading,United States,11769,-0.20204081632653,0.012885511999577689,15.679688655999989,0.0
Pier et al. 2021,Primary,4,9.0,Jan 2021,10,Reading,United States,3333,-0.0505102040816325,0.021475853332629517,2.3519532983999945,0.0
Pier et al. 2021,Primary,5,10.0,Jan 2021,10,Reading,United States,19051,-0.3198979591836735,0.008590341333051916,37.23926055799955,0.0
Pier et al. 2021,Primary,5,10.0,Jan 2021,10,Reading,United States,11375,-0.15573979591836673,0.017180682666103432,9.064820004250064,0.0
Pier et al. 2021,Primary,5,10.0,Jan 2021,10,Reading,United States,4135,-0.1304846938775505,0.025771023999155356,5.063232795166662,0.0
Pier et al. 2021,Secondary,6,11.0,Jan 2021,10,Reading,United States,16180,-0.2693877551020402,0.012885511999577659,20.906251541333383,0.0
Pier et al. 2021,Secondary,6,11.0,Jan 2021,10,Reading,United States,9901,-0.21045918367346925,0.01718068266610383,12.249756762499844,0.0
Pier et al. 2021,Secondary,6,11.0,Jan 2021,10,Reading,United States,4356,-0.18520408163265298,0.03221377999894438,5.749219173866649,0.0
Pier et al. 2021,Secondary,7,12.0,Jan 2021,10,Reading,United States,16914,-0.14311224489795898,0.038656535998733026,3.7021487104444515,0.0
Pier et al. 2021,Secondary,7,12.0,Jan 2021,10,Reading,United States,8392,-0.079974489795918,0.017180682666103404,4.654907569750038,0.0
Pier et al. 2021,Secondary,7,12.0,Jan 2021,10,Reading,United States,5438,0.01262755102040805,0.036508950665470004,0.34587548505882226,0.0
Pier et al. 2021,Secondary,8,13.0,Jan 2021,10,Reading,United States,8711,-0.101020408163265,0.034361365332207155,2.939941622999999,0.0
Pier et al. 2021,Secondary,8,13.0,Jan 2021,10,Reading,United States,15522,-0.00841836734693865,0.025771023999155356,0.32666018033332944,0.0
Pier et al. 2021,Secondary,8,13.0,Jan 2021,10,Reading,United States,6273,0.16836734693877525,0.030066194665681504,5.599888805714246,0.0
Rose et al. 2021a,Primary,2,6.0,Nov 2020,8,Math,United Kingdom,8382,-0.14617998422599546,0.024053461853117023,6.077295032151573,0.0
Rose et al. 2021a,Primary,2,6.0,Nov 2020,8,Reading,United Kingdom,8339,-0.16721571393260848,0.024198441047232306,6.910185396085,0.0
Rose et al. 2021b,Primary,1,5.0,Mar 2021,12,Math,United Kingdom,7260,-0.19560667534504103,0.02669966650546636,7.326184216757669,0.0
Rose et al. 2021b,Primary,2,6.0,Mar 2021,12,Math,United Kingdom,7546,-0.12723324030850622,0.024619313315633624,5.168025552837465,0.0
Rose et al. 2021b,Primary,1,5.0,Mar 2021,12,Reading,United Kingdom,8429,-0.2254822930455874,0.022616057394501433,9.970008879638241,0.0
Rose et al. 2021b,Primary,2,6.0,Mar 2021,12,Reading,United Kingdom,7427,-0.21231591541972106,0.026138873049452293,8.122611675646432,0.0
Schult et al. 2022a,Secondary,5,10.0,Sep 2020,6,Math,Germany,331659,-0.06643340183435179,0.004033277323948125,16.471320094924927,0.0
Schult et al. 2022a,Secondary,5,10.0,Sep 2020,6,Reading,Germany,331672,-0.07121466732913109,0.0040290568603701185,17.675269870127657,0.0
Schult et al. 2022b,Secondary,5,10.0,Sep 2021,6,Math,Germany,332452,-0.07120787172416859,0.004018731877203572,17.718990442755906,0.0
Schult et al. 2022b,Secondary,5,10.0,Sep 2021,6,Reading,Germany,332370,-0.01687748689302129,0.004015305041606272,4.203288845589093,0.0
Schuurman et al. 2021,Primary,5,10.0,Jun 2020,3,Math,Netherlands,318,-0.6126772819551457,0.11475550610804312,5.33897938961034,0.0
Schuurman et al. 2021,Primary,6,11.0,Jun 2020,3,Math,Netherlands,275,-0.25779019183269236,0.12110443114034895,2.128660276137519,0.0
Schuurman et al. 2021,Secondary,7,12.0,Jun 2020,3,Math,Netherlands,293,-0.24890066867175184,0.1172927810631632,2.122045929985381,0.0
Schuurman et al. 2021,Primary,5,10.0,Jun 2020,3,Reading,Netherlands,318,-0.24769012797593445,0.11258365442857024,2.2000540774156856,0.0
Schuurman et al. 2021,Primary,6,11.0,Jun 2020,3,Reading,Netherlands,275,0.2246787888725099,0.1209844509781711,1.857088138648892,0.0
Schuurman et al. 2021,Secondary,7,12.0,Jun 2020,3,Reading,Netherlands,293,-0.20369604876977707,0.11714385485743921,1.7388538990600015,0.0
Tomasik et al. 2020,Primary,3-6,10.7025,May 2020,2,Math/Reading,Switzerland,13134,-0.1102,0.0014,78.71428571428572,0.0
Tomasik et al. 2020,Secondary,7-9,14.35,May 2020,2,Math/Reading,Switzerland,15551,-0.0306,0.0009,34.0,0.0
Vegas 2022,Secondary,11,16.0,Sep 2021,18,Math,Colombia,2754862,0.0752,0.00126,59.682539682539684,0.0
Vegas 2022,Secondary,11,16.0,Sep 2021,18,Reading,Colombia,2754862,-0.323,0.0013,248.46153846153848,0.0
Weidman et al. 2021,Primary,3-6,8.5,Sep 2020,6,Math,United Kingdom,8534,-0.015,0.01,1.5,0.0
Weidman et al. 2021,Primary,3-6,8.5,Nov 2020,8,Math,United Kingdom,8534,0.01,0.027,0.3703703703703704,0.0
Weidman et al. 2021,Primary,3-6,8.5,Sep 2020,6,Reading,United Kingdom,8359,-0.018,0.012,1.4999999999999998,0.0
Weidman et al. 2021,Primary,3-6,8.5,Nov 2020,8,Reading,United Kingdom,8359,-0.003,0.03,0.1,0.0
