obs,study,rg,lib,lib_cum,n,k,df,authaff,panel,endo,fixed,start,end,lagdep,speed,lags,time,wb,ebrd,comb,other,lii,lie,lip,av,cli,margeff,ic,ic12,nic,stabil,nstab,infl,inst,ninst,fact,nfact,pubpr,journal,lgoog_pa,lgoog_tot
1,1,,,4.699999809265137,26,4,22,0,0,0,0,1989,1994,0,0,0,0,1,0,0,0,0,0,0,1,1,0,1,0,2,0,0,0,0,0,0,0,0,0,3.4918346405029297,6.028278350830078
2,2,,2.859999895095825,,60,5,55,0,1,0,0,1992,1994,0,0,0,0,1,0,0,0,0,0,1,0,0,0,0,0,0,1,3,1,0,0,0,0,0,1,2.131627321243286,4.653960227966309
3,3,,3.5399999618530273,,75,4,71,0,1,0,1,1992,1994,0,0,0,0,1,0,0,0,0,0,0,1,1,0,0,0,0,1,2,0,0,0,0,0,0,1,3.4701902866363525,6.079933166503906
4,4,,,0.36000001430511475,26,5,21,1,0,1,0,1991,1995,0,1,0,0,1,0,0,0,0,0,0,1,0,0,1,0,3,0,0,0,0,0,0,0,0,1,2.4142889976501465,4.72738790512085
5,4,,,0.23000000417232513,26,5,21,1,0,1,0,1991,1995,0,1,0,0,1,0,0,0,0,0,0,1,0,0,1,0,3,0,0,0,0,0,0,0,0,1,2.4142889976501465,4.72738790512085
6,4,,,0.4399999976158142,26,5,21,1,0,1,0,1991,1995,0,1,0,0,1,0,0,0,0,0,0,1,0,0,1,0,3,0,0,0,0,0,0,0,0,1,2.4142889976501465,4.72738790512085
7,5,,,3.0999999046325684,26,6,20,0,0,0,0,1989,1995,0,0,0,0,1,0,0,0,0,0,0,1,1,0,1,0,4,0,0,0,0,0,0,0,0,0,1.5293952226638794,3.8712010383605957
8,6,,3.7699999809265137,,149,3,146,0,1,0,0,1990,1995,0,0,0,0,1,0,0,0,0,0,0,1,0,0,1,0,1,0,0,0,0,0,0,0,0,1,2.1799826622009277,4.634728908538818
9,6,,4.170000076293945,,149,3,146,0,1,0,0,1990,1995,0,0,0,0,1,0,0,0,0,0,0,1,0,0,1,0,1,0,0,0,0,0,0,0,0,1,2.1799826622009277,4.634728908538818
10,6,,-2.700000047683716,3.2200000286102295,100,7,93,0,1,0,0,1990,1995,0,0,1,0,1,0,0,0,0,0,0,1,0,0,1,0,1,0,0,0,0,0,0,0,0,1,2.1799826622009277,4.634728908538818
11,6,,2.25,4.949999809265137,100,7,93,0,1,0,0,1990,1995,0,0,1,0,1,0,0,0,0,0,0,1,0,0,1,0,1,0,0,0,0,0,0,0,0,1,2.1799826622009277,4.634728908538818
12,6,,-2.359999895095825,3.9100000858306885,100,7,93,0,1,0,0,1990,1995,0,0,1,0,1,0,0,0,0,0,0,1,0,0,1,0,1,0,0,0,0,0,0,0,0,1,2.1799826622009277,4.634728908538818
13,6,,2.2300000190734863,5.230000019073486,100,7,93,0,1,0,0,1990,1995,0,0,1,0,1,0,0,0,0,0,0,1,0,0,1,0,1,0,0,0,0,0,0,0,0,1,2.1799826622009277,4.634728908538818
14,7,,,3.6500000953674316,21,2,19,1,0,0,0,1989,1995,0,0,0,0,1,0,0,0,0,0,0,1,1,0,0,0,0,0,0,0,0,0,0,0,0,1,2.169053792953491,4.543294906616211
15,7,,,-0.4399999976158142,21,4,17,1,0,0,0,1989,1995,0,0,0,0,1,0,0,0,0,0,0,1,1,0,1,0,2,0,0,0,0,0,0,0,0,1,2.169053792953491,4.543294906616211
16,7,,,1.149999976158142,21,5,16,1,0,0,0,1989,1995,0,0,0,0,1,0,0,0,0,0,0,1,1,0,1,0,3,0,0,0,0,0,0,0,0,1,2.169053792953491,4.543294906616211
17,7,,,-1.6200000047683716,21,4,17,1,0,1,0,1989,1995,0,0,0,0,1,0,0,0,0,0,0,1,1,0,1,0,2,0,0,0,0,0,0,0,0,1,2.169053792953491,4.543294906616211
18,7,,,4.630000114440918,21,2,19,1,0,0,0,1989,1997,0,0,0,0,1,0,0,0,0,0,0,1,1,0,0,0,0,0,0,0,0,0,0,0,0,1,2.169053792953491,4.543294906616211
19,7,,,1.0700000524520874,21,4,17,1,0,0,0,1989,1997,0,0,0,0,1,0,0,0,0,0,0,1,1,0,1,0,2,0,0,0,0,0,0,0,0,1,2.169053792953491,4.543294906616211
20,7,,,1.75,21,5,16,1,0,0,0,1989,1997,0,0,0,0,1,0,0,0,0,0,0,1,1,0,1,0,3,0,0,0,0,0,0,0,0,1,2.169053792953491,4.543294906616211
21,7,,,-0.18000000715255737,21,4,17,1,0,1,0,1989,1997,0,0,0,0,1,0,0,0,0,0,0,1,1,0,1,0,2,0,0,0,0,0,0,0,0,1,2.169053792953491,4.543294906616211
22,8,,-8,3.1265194416046143,156,13,143,0,1,0,0,1990,1995,0,0,1,0,1,0,0,0,0,0,0,1,0,0,1,0,8,1,2,1,0,0,0,0,0,0,1.900958776473999,4.317488193511963
23,8,,-9.800000190734863,2.69530987739563,156,11,145,0,1,0,0,1990,1995,0,0,1,0,1,0,0,0,0,0,0,1,0,0,1,0,6,1,2,1,0,0,0,0,0,0,1.900958776473999,4.317488193511963
24,8,,-8.5,3.72703218460083,156,13,143,0,1,0,0,1990,1995,0,0,1,0,1,0,0,0,0,0,0,1,0,0,1,0,8,1,2,1,0,0,0,0,0,0,1.900958776473999,4.317488193511963
25,8,,-7.5,3.1861929893493652,156,13,143,0,1,0,1,1990,1995,0,0,1,0,1,0,0,0,0,0,0,1,0,0,1,0,8,1,2,1,0,0,0,0,0,0,1.900958776473999,4.317488193511963
26,8,,-3.5,9.40280818939209,156,13,143,0,1,0,0,1990,1995,0,0,1,1,1,0,0,0,0,0,0,1,0,0,1,0,8,1,1,0,0,0,0,0,0,0,1.900958776473999,4.317488193511963
27,8,,-7.300000190734863,1.5358197689056396,156,13,143,0,1,0,0,1990,1995,0,0,1,0,1,0,0,0,0,0,0,1,0,0,1,0,8,1,2,1,0,0,0,0,0,0,1.900958776473999,4.317488193511963
28,8,,-5.900000095367432,3.0203399658203125,156,14,142,0,1,0,0,1990,1995,0,0,1,0,1,0,0,0,0,0,0,1,0,0,1,0,9,1,2,1,0,0,0,0,0,0,1.900958776473999,4.317488193511963
29,9,,-6.909999847412109,0.5939860939979553,168,6,162,0,1,0,0,1990,1998,0,0,1,0,0,0,1,0,0,0,0,1,0,0,1,1,2,1,1,1,0,0,0,0,0,1,3.3219480514526367,5.2364420890808105
30,9,,-7.53000020980835,0.5336918234825134,168,4,164,0,1,0,0,1990,1998,0,0,1,0,0,0,1,0,0,0,0,1,0,0,1,0,2,1,1,1,0,0,0,0,0,1,3.3219480514526367,5.2364420890808105
31,9,,-6.949999809265137,0.5462620258331299,168,3,165,0,1,0,0,1990,1998,0,0,1,0,0,0,1,0,0,0,0,1,0,0,1,1,2,1,1,1,1,1,0,0,0,1,3.3219480514526367,5.2364420890808105
32,9,,-6.860000133514404,0.4819642901420593,168,8,160,0,1,0,0,1990,1998,0,0,1,0,0,0,1,0,0,0,0,1,0,0,1,1,2,1,1,1,1,1,0,0,0,1,3.3219480514526367,5.2364420890808105
33,9,,-7.079999923706055,0.5493448376655579,168,7,161,0,1,0,0,1990,1998,0,0,1,0,0,0,1,0,0,0,0,1,0,0,1,1,2,1,1,1,1,1,0,0,0,1,3.3219480514526367,5.2364420890808105
34,9,,-7.179999828338623,0.5368918776512146,168,7,161,0,1,0,0,1990,1998,0,0,1,0,0,0,1,0,0,0,0,1,0,0,1,1,2,1,1,1,1,1,0,0,0,1,3.3219480514526367,5.2364420890808105
35,9,,-6.920000076293945,0.5733577609062195,168,7,161,0,1,0,0,1990,1998,0,0,1,0,0,0,1,0,0,0,0,1,0,0,1,1,2,1,1,1,1,1,0,0,0,1,3.3219480514526367,5.2364420890808105
36,9,,-7.409999847412109,0.531702995300293,168,8,160,0,1,0,0,1990,1998,0,0,1,0,0,0,1,0,0,0,0,1,0,0,1,1,2,1,1,1,1,2,0,0,0,1,3.3219480514526367,5.2364420890808105
37,9,,-7.71999979019165,0.6555163860321045,168,6,162,0,1,0,0,1990,1998,0,0,1,0,0,0,1,0,0,0,0,1,0,0,1,1,2,1,1,1,0,0,0,0,0,1,3.3219480514526367,5.2364420890808105
38,9,,-7.940000057220459,0.5478131771087646,168,7,161,0,1,0,0,1990,1998,0,0,1,0,0,0,1,0,0,0,0,1,0,0,1,1,2,1,1,1,1,1,0,0,0,1,3.3219480514526367,5.2364420890808105
39,9,,-7.929999828338623,0.5381053686141968,168,7,161,0,1,0,0,1990,1998,0,0,1,0,0,0,1,0,0,0,0,1,0,0,1,1,2,1,1,1,1,1,0,0,0,1,3.3219480514526367,5.2364420890808105
40,9,,-7.900000095367432,0.5759391784667969,168,7,161,0,1,0,0,1990,1998,0,0,1,0,0,0,1,0,0,0,0,1,0,0,1,1,2,1,1,1,1,1,0,0,0,1,3.3219480514526367,5.2364420890808105
41,9,,-7.989999771118164,0.5250647068023682,168,8,160,0,1,0,0,1990,1998,0,0,1,0,0,0,1,0,0,0,0,1,0,0,1,1,2,1,1,1,1,2,0,0,0,1,3.3219480514526367,5.2364420890808105
42,10,,,0.10000000149011612,25,4,21,0,0,0,0,1990,1998,0,0,0,0,0,1,0,0,0,0,0,1,0,0,1,1,1,1,1,0,0,0,0,0,0,1,2.9311938285827637,4.9628448486328125
43,10,,,-0.7300000190734863,25,4,21,0,0,1,0,1990,1998,0,0,0,0,0,1,0,0,0,0,0,1,0,0,1,1,1,1,1,0,0,0,0,0,0,1,2.9311938285827637,4.9628448486328125
44,10,,,-0.949999988079071,25,4,21,0,0,1,0,1990,1998,0,0,0,0,0,1,0,0,0,0,0,1,0,0,1,1,1,1,1,0,0,0,0,0,0,1,2.9311938285827637,4.9628448486328125
45,10,,1.399999976158142,3.9750757217407227,192,5,187,0,1,0,0,1990,1998,0,0,1,0,0,1,0,0,0,0,0,1,0,0,1,1,1,1,1,0,0,0,0,0,0,1,2.9311938285827637,4.9628448486328125
46,10,,0.800000011920929,1.792109489440918,192,7,185,0,1,0,0,1990,1998,0,0,1,1,0,1,0,0,0,0,0,1,0,0,1,1,1,1,1,0,0,0,0,0,0,1,2.9311938285827637,4.9628448486328125
47,10,,-1.6100000143051147,-0.2682092487812042,189,7,182,0,1,1,0,1990,1998,0,0,1,1,0,1,0,0,0,0,0,1,0,0,1,1,1,1,1,0,0,0,0,0,0,1,2.9311938285827637,4.9628448486328125
48,10,,-0.10000000149011612,0.683431088924408,200,7,193,0,1,1,0,1990,1998,0,0,1,1,0,1,0,0,0,0,0,1,0,0,1,1,1,1,1,0,0,0,0,0,0,1,2.9311938285827637,4.9628448486328125
49,11,,,-0.5600000023841858,28,5,23,0,0,0,0,1991,1995,0,0,0,0,1,0,0,0,0,0,0,1,0,0,1,1,3,0,0,0,0,0,0,0,0,1,3.7323646545410156,5.908082962036133
50,11,,-2.4700000286102295,0.11107485741376877,140,6,134,0,1,1,0,1991,1995,0,0,1,0,1,0,0,0,0,0,0,1,0,0,1,1,3,0,0,0,0,0,0,0,0,1,3.7323646545410156,5.908082962036133
51,11,,-2.2100000381469727,0.3756426274776459,140,10,130,0,1,1,0,1991,1995,0,0,1,0,1,0,0,0,0,0,0,1,0,0,1,1,3,0,0,0,0,0,0,0,0,1,3.7323646545410156,5.908082962036133
52,11,,,6.96999979019165,140,14,126,0,1,1,0,1991,1995,0,0,0,0,1,0,0,0,0,0,0,1,0,0,1,1,3,0,0,0,0,0,0,0,0,1,3.7323646545410156,5.908082962036133
53,11,,-1.5,0.08667217940092087,140,22,118,0,1,1,0,1991,1995,0,0,1,0,1,0,0,0,0,0,0,1,0,0,1,1,3,0,0,0,0,0,0,0,0,1,3.7323646545410156,5.908082962036133
54,12,,,4.090000152587891,25,7,18,1,0,0,0,1990,1998,0,0,0,0,0,0,1,0,0,0,0,1,0,0,1,0,4,0,0,0,0,0,1,1,0,0,0.7472144365310669,2.397895336151123
55,12,,,3.059999942779541,25,7,18,1,0,0,0,1990,1993,0,0,0,0,1,0,0,0,0,0,0,1,0,0,1,0,4,0,0,0,0,0,1,1,0,0,0.7472144365310669,2.397895336151123
56,12,,,4.309999942779541,25,6,19,1,0,0,0,1994,1998,0,0,0,0,0,1,0,0,0,0,0,1,0,0,1,0,3,0,0,0,0,0,0,0,0,0,0.7472144365310669,2.397895336151123
57,12,,,4.360000133514404,25,5,20,1,0,0,0,1994,1998,0,0,0,0,0,1,0,0,0,0,0,1,0,0,1,0,3,0,0,0,0,0,0,0,0,0,0.7472144365310669,2.397895336151123
58,13,,-1.75,3.630000114440918,49,8,41,1,1,1,0,1990,1997,0,0,1,0,1,0,0,0,0,0,0,1,0,0,0,0,0,1,2,1,0,0,0,0,0,0,1.145132303237915,2.7725887298583984
59,13,,-1.059999942779541,2.680000066757202,45,11,34,1,1,1,0,1990,1997,0,0,1,0,1,0,0,0,0,0,0,1,0,0,0,0,0,1,3,1,0,0,1,1,0,0,1.145132303237915,2.7725887298583984
60,14,,,5.269999980926514,118,8,110,1,1,0,0,1992,1998,0,0,0,1,0,0,1,0,0,0,0,1,1,0,1,1,3,1,1,1,0,0,1,1,0,1,1.2527629137039185,3.044522523880005
61,14,,,3.049999952316284,118,9,109,1,1,0,0,1992,1998,1,0,0,1,0,0,1,0,0,0,0,1,1,0,1,1,3,1,1,1,0,0,1,1,0,1,1.2527629137039185,3.044522523880005
62,14,,,1.6699999570846558,118,12,106,1,1,0,0,1992,1998,1,0,0,1,0,0,1,0,0,0,0,1,1,0,1,1,3,1,1,1,1,3,1,1,0,1,1.2527629137039185,3.044522523880005
63,15,,-2.6700000762939453,0.9618009924888611,125,6,119,1,1,0,0,1991,1995,0,0,1,0,1,0,0,0,0,0,0,1,0,0,1,0,2,0,0,0,0,0,0,0,0,1,0.43531808257102966,1.945910096168518
64,15,,-0.9399999976158142,0.36996886134147644,125,14,111,1,1,0,0,1991,1995,0,0,1,0,1,0,0,0,0,0,0,1,0,0,1,0,4,1,3,1,0,0,1,2,0,1,0.43531808257102966,1.945910096168518
65,15,,-0.25,0.9559195637702942,125,14,111,1,1,1,0,1991,1995,0,0,1,0,1,0,0,0,0,0,0,1,0,0,1,0,4,1,3,1,0,0,1,2,0,1,0.43531808257102966,1.945910096168518
66,16,,,4.840000152587891,26,2,24,1,0,0,0,1995,1995,0,0,0,0,0,1,0,0,0,0,0,1,0,0,0,0,0,0,0,0,0,0,0,0,0,1,2.6132161617279053,5.181783676147461
67,16,,,3.740000009536743,26,2,24,1,0,0,0,1989,1995,0,0,0,0,0,1,0,0,0,0,0,1,0,0,0,0,0,0,0,0,0,0,0,0,0,1,2.6132161617279053,5.181783676147461
68,17,,-3.0199999809265137,4.150000095367432,275,14,261,0,1,0,1,1990,2001,1,1,1,1,0,1,0,0,0,0,0,1,0,0,1,0,1,1,2,1,0,0,0,0,0,1,1.974081039428711,3.465735912322998
69,17,,-2.809999942779541,0.8299999833106995,275,14,261,0,1,0,1,1990,2001,1,1,1,1,0,1,0,0,0,0,0,1,0,0,1,0,1,1,2,1,0,0,0,0,0,1,1.974081039428711,3.465735912322998
70,17,,,7.619999885559082,275,10,265,0,1,0,1,1990,2001,1,0,0,1,0,1,0,0,0,0,0,1,0,0,1,0,1,1,1,1,0,0,0,0,0,1,1.974081039428711,3.465735912322998
71,17,,-3.509999990463257,2.7100000381469727,275,13,262,0,1,0,1,1990,2001,0,1,1,1,0,1,0,0,0,0,0,1,0,0,1,0,1,1,2,1,0,0,0,0,0,1,1.974081039428711,3.465735912322998
72,17,,-3.5999999046325684,2.740000009536743,275,16,259,0,1,0,0,1990,2001,1,1,1,1,0,1,0,0,0,0,0,1,0,0,1,1,3,1,2,1,0,0,0,0,0,1,1.974081039428711,3.465735912322998
73,17,,-2.0199999809265137,1.899999976158142,275,14,261,0,1,1,0,1991,2001,1,1,1,1,0,1,0,0,0,0,0,1,0,0,1,0,1,1,2,1,0,0,0,0,0,1,1.974081039428711,3.465735912322998
74,17,,-2.049999952316284,0.8299999833106995,275,14,261,0,1,1,0,1991,2001,1,1,1,1,0,1,0,0,0,0,0,1,0,0,1,0,1,1,2,1,0,0,0,0,0,1,1.974081039428711,3.465735912322998
75,17,,-3.9200000762939453,0.9100000262260437,275,13,262,0,1,0,1,1990,2001,1,1,1,0,0,1,0,0,0,0,0,1,0,0,1,0,1,1,2,1,0,0,0,0,0,1,1.974081039428711,3.465735912322998
76,17,,-3.109999895095825,1.149999976158142,275,14,261,0,1,0,1,1990,2001,1,1,1,1,0,1,0,0,0,0,0,1,0,0,1,0,1,1,2,1,0,0,0,0,0,1,1.974081039428711,3.465735912322998
77,17,,-4.590000152587891,1.7999999523162842,125,14,111,0,1,0,1,1990,1995,1,1,1,1,0,1,0,0,0,0,0,1,0,0,1,0,1,1,2,1,0,0,0,0,0,1,1.974081039428711,3.465735912322998
78,17,,1.7400000095367432,0.07000000029802322,125,14,111,0,1,0,1,1996,2001,1,1,1,1,0,1,0,0,0,0,0,1,0,0,1,0,1,1,2,1,0,0,0,0,0,1,1.974081039428711,3.465735912322998
79,17,,,4.960000038146973,275,14,261,0,1,0,1,1990,2001,1,0,0,1,0,1,0,0,0,0,0,1,0,0,1,0,1,1,2,1,0,0,0,0,0,1,1.974081039428711,3.465735912322998
80,17,,-2.5399999618530273,4.119999885559082,275,14,261,0,1,0,1,1990,2001,1,1,1,1,0,1,0,0,0,0,0,1,0,0,1,0,1,1,2,1,0,0,0,0,0,1,1.974081039428711,3.465735912322998
81,17,,-0.019999999552965164,0.5299999713897705,275,15,260,0,1,0,1,1993,2001,1,1,1,1,0,1,0,0,0,0,0,1,0,0,1,0,1,1,2,1,0,0,0,0,0,1,1.974081039428711,3.465735912322998
82,17,,-4.199999809265137,2.319999933242798,275,17,258,0,1,0,0,1990,2001,1,1,1,1,0,1,0,0,0,0,0,1,0,0,1,1,3,1,2,1,0,0,0,0,0,1,1.974081039428711,3.465735912322998
83,17,,-5.019999980926514,2.759999990463257,275,16,259,0,1,0,0,1990,2001,1,1,1,1,0,1,0,0,0,0,0,1,0,0,1,0,1,1,2,1,0,0,0,0,0,1,1.974081039428711,3.465735912322998
84,18,,4.070000171661377,,100,4,96,0,1,0,1,1992,1995,0,0,0,0,1,0,0,0,0,0,0,1,1,0,0,0,0,1,2,0,0,0,0,0,0,0,2.798297166824341,5.2257466316223145
85,18,,2.700000047683716,,100,4,96,0,1,0,1,1992,1995,0,0,0,0,1,0,0,0,0,0,0,1,0,0,0,0,0,1,2,0,0,0,0,0,0,0,2.798297166824341,5.2257466316223145
86,18,,2.5399999618530273,,100,4,96,0,1,0,1,1992,1995,0,0,0,0,1,0,0,0,0,1,0,0,0,0,0,0,0,1,2,0,0,0,0,0,0,0,2.798297166824341,5.2257466316223145
87,18,,1.3200000524520874,,100,4,96,0,1,0,1,1992,1995,0,0,0,0,1,0,0,0,1,0,0,0,0,0,0,0,0,1,2,0,0,0,0,0,0,0,2.798297166824341,5.2257466316223145
88,18,,2.799999952316284,,100,4,96,0,1,0,1,1992,1995,0,0,0,0,1,0,0,0,0,0,1,0,0,0,0,0,0,1,2,0,0,0,0,0,0,0,2.798297166824341,5.2257466316223145
89,19,,,3.0999999046325684,164,5,159,0,1,1,0,1991,1998,0,0,0,0,1,0,0,0,0,0,0,1,0,0,1,0,1,1,2,1,0,0,0,0,0,0,3.6521003246307373,5.826000213623047
90,19,,,3.3499999046325684,164,6,158,0,1,1,0,1991,1998,0,0,0,0,0,1,0,0,1,0,0,0,0,0,1,0,1,1,2,1,0,0,0,0,0,0,3.6521003246307373,5.826000213623047
91,19,,,3.1500000953674316,164,5,159,0,1,1,0,1991,1998,0,0,0,0,0,0,0,1,0,0,0,0,0,0,1,0,1,1,2,1,0,0,0,0,0,0,3.6521003246307373,5.826000213623047
92,20,,,-0.12999999523162842,76,8,68,0,0,0,0,1985,1995,0,0,0,0,0,0,0,1,0,0,0,0,0,0,1,0,2,1,2,1,0,0,1,2,0,0,1.3268709182739258,3.610917806625366
93,20,,,-0.15000000596046448,76,8,68,0,0,0,0,1985,1995,0,0,0,0,0,0,0,1,0,0,0,0,0,0,1,0,2,1,2,1,0,0,1,2,0,0,1.3268709182739258,3.610917806625366
94,20,,,-0.5400000214576721,76,10,66,0,0,0,0,1985,1995,0,0,0,0,0,0,0,1,0,0,0,0,0,0,1,0,2,1,3,1,1,1,1,2,0,0,1.3268709182739258,3.610917806625366
95,21,,,4.329999923706055,24,2,22,1,0,0,0,1991,1995,0,0,0,0,1,0,0,0,0,0,0,1,1,0,0,0,0,0,0,0,0,0,0,0,0,1,3.2274107933044434,5.828945636749268
96,21,,,0,24,4,20,1,0,0,0,1991,1995,0,0,0,0,1,0,0,0,0,0,0,1,1,0,1,0,2,0,0,0,0,0,0,0,0,1,3.2274107933044434,5.828945636749268
97,21,,,4.380000114440918,25,2,23,1,0,0,0,1991,1995,0,0,0,0,1,0,0,0,0,0,0,1,1,0,0,0,0,0,0,0,0,0,0,0,0,1,3.2274107933044434,5.828945636749268
98,21,,,2.359999895095825,25,4,21,1,0,0,0,1991,1995,0,0,0,0,1,0,0,0,0,0,0,1,1,0,1,0,2,0,0,0,0,0,0,0,0,1,3.2274107933044434,5.828945636749268
99,22,,9.680000305175781,,216,4,212,0,1,0,1,1991,1999,0,0,0,0,1,0,0,0,0,0,0,1,1,0,0,0,0,1,2,0,0,0,0,0,0,0,1.8458267450332642,3.4965076446533203
100,22,,4.170000076293945,,208,5,203,0,1,0,1,1991,1999,0,0,0,0,1,0,0,0,0,0,1,0,0,0,0,0,0,1,3,1,0,0,0,0,0,0,1.8458267450332642,3.4965076446533203
101,22,,2.700000047683716,,100,4,96,0,1,0,1,1991,1999,0,0,0,0,1,0,0,0,0,0,0,1,0,0,0,0,0,1,2,0,0,0,0,0,0,0,1.8458267450332642,3.4965076446533203
102,22,,7.690000057220459,,216,4,212,0,1,0,1,1991,1999,0,0,0,0,1,0,0,0,0,0,0,1,0,0,0,0,0,1,2,0,0,0,0,0,0,0,1.8458267450332642,3.4965076446533203
103,23,,-1.766442894935608,0.9816027879714966,269,9,260,1,1,0,0,1989,2001,0,0,1,0,0,1,0,0,0,0,0,1,0,0,1,1,3,1,1,1,1,1,1,1,0,0,0.8472979068756104,2.1972246170043945
104,23,,-8.47276782989502,5.273482322692871,73,9,64,1,1,0,0,1989,1993,0,0,1,0,0,1,0,0,0,0,0,1,0,0,1,1,3,1,1,1,1,1,1,1,0,0,0.8472979068756104,2.1972246170043945
105,23,,-1.9411110877990723,1.015753984451294,196,9,187,1,1,0,0,1993,2001,0,0,1,0,0,1,0,0,0,0,0,1,0,0,1,1,3,1,1,1,1,1,1,1,0,0,0.8472979068756104,2.1972246170043945
106,23,,-2.518181800842285,1.388533353805542,127,9,118,1,1,0,0,1993,1999,0,0,1,0,0,1,0,0,0,0,0,1,0,0,1,1,3,1,1,1,1,1,1,1,0,0,0.8472979068756104,2.1972246170043945
107,23,,-3.034074068069458,0.37859588861465454,69,8,61,1,1,0,0,1998,2001,0,0,1,0,0,1,0,0,0,0,0,1,0,0,1,1,2,1,1,1,1,1,1,1,0,0,0.8472979068756104,2.1972246170043945
108,23,,-2.235954999923706,1.3450945615768433,269,8,261,1,1,0,0,1989,2001,0,0,1,0,0,1,0,0,0,0,0,1,0,0,1,1,3,1,1,1,0,0,1,1,0,0,0.8472979068756104,2.1972246170043945
109,23,,-2.235818862915039,2.6608731746673584,73,8,65,1,1,0,0,1989,1993,0,0,1,0,0,1,0,0,0,0,0,1,0,0,1,1,3,1,1,1,0,0,1,1,0,0,0.8472979068756104,2.1972246170043945
110,23,,-2.531820774078369,0.7686753869056702,196,8,188,1,1,0,0,1993,2001,0,0,1,0,0,1,0,0,0,0,0,1,0,0,1,1,3,1,1,1,0,0,1,1,0,0,0.8472979068756104,2.1972246170043945
111,23,,-1.5278725624084473,1.7161054611206055,269,8,261,1,1,0,0,1989,2001,0,0,1,0,0,1,0,0,0,0,0,1,0,0,1,1,2,1,1,1,1,1,1,1,0,0,0.8472979068756104,2.1972246170043945
112,23,,-2.5735416412353516,2.526355743408203,73,8,65,1,1,0,0,1989,1993,0,0,1,0,0,1,0,0,0,0,0,1,0,0,1,1,2,1,1,1,1,1,1,1,0,0,0.8472979068756104,2.1972246170043945
113,23,,-1.373180866241455,1.311009168624878,196,8,188,1,1,0,0,1993,2001,0,0,1,0,0,1,0,0,0,0,0,1,0,0,1,1,2,1,1,1,1,1,1,1,0,0,0.8472979068756104,2.1972246170043945
114,23,,-0.9176938533782959,0.9009453654289246,127,8,119,1,1,0,0,1993,1999,0,0,1,0,0,1,0,0,0,0,0,1,0,0,1,1,2,1,1,1,1,1,1,1,0,0,0.8472979068756104,2.1972246170043945
115,23,,-1.4482873678207397,0.17959557473659515,69,7,62,1,1,0,0,1998,2001,0,0,1,0,0,1,0,0,0,0,0,1,0,0,1,1,1,1,1,1,1,1,1,1,0,0,0.8472979068756104,2.1972246170043945
116,23,,-1.55653715133667,1.7643297910690308,294,8,286,1,1,0,0,1989,2001,0,0,1,0,0,1,0,0,0,0,0,1,0,0,1,1,3,1,1,1,1,1,0,0,0,0,0.8472979068756104,2.1972246170043945
117,23,,-2.8329873085021973,2.157592296600342,72,8,64,1,1,0,0,1989,1993,0,0,1,0,0,1,0,0,0,0,0,1,0,0,1,1,3,1,1,1,1,1,0,0,0,0,0.8472979068756104,2.1972246170043945
118,23,,-2.782698154449463,1.7400639057159424,62,8,54,1,1,0,0,1989,1993,0,0,1,0,0,1,0,0,0,0,0,1,0,0,1,1,3,1,1,1,1,1,0,0,0,0,0.8472979068756104,2.1972246170043945
119,23,,-1.2610334157943726,1.4968267679214478,222,8,214,1,1,0,0,1993,2001,0,0,1,0,0,1,0,0,0,0,0,1,0,0,1,1,3,1,1,1,1,1,0,0,0,0,0.8472979068756104,2.1972246170043945
120,23,,-0.5803152918815613,1.136353611946106,141,8,133,1,1,0,0,1993,1999,0,0,1,0,0,1,0,0,0,0,0,1,0,0,1,1,3,1,1,1,1,1,0,0,0,0,0.8472979068756104,2.1972246170043945
121,23,,-1.2687453031539917,0.20990046858787537,81,7,74,1,1,0,0,1998,2001,0,0,1,0,0,1,0,0,0,0,0,1,0,0,1,1,2,1,1,1,1,1,0,0,0,0,0.8472979068756104,2.1972246170043945
122,23,,-1.6355581283569336,1.736493706703186,294,7,287,1,1,0,0,1989,2001,0,0,1,0,0,1,0,0,0,0,0,1,0,0,1,1,2,1,1,1,1,1,0,0,0,0,0.8472979068756104,2.1972246170043945
123,23,,-2.945133924484253,2.1192173957824707,72,7,65,1,1,0,0,1989,1993,0,0,1,0,0,1,0,0,0,0,0,1,0,0,1,1,2,1,1,1,1,1,0,0,0,0,0.8472979068756104,2.1972246170043945
124,23,,-2.6416354179382324,1.7007625102996826,62,7,55,1,1,0,0,1989,1993,0,0,1,0,0,1,0,0,0,0,0,1,0,0,1,1,2,1,1,1,1,1,0,0,0,0,0.8472979068756104,2.1972246170043945
125,23,,-1.705625295639038,1.2463650703430176,222,7,215,1,1,0,0,1993,2001,0,0,1,0,0,1,0,0,0,0,0,1,0,0,1,1,2,1,1,1,1,1,0,0,0,0,0.8472979068756104,2.1972246170043945
126,23,,-1.0940825939178467,0.9072283506393433,141,7,134,1,1,0,0,1993,1999,0,0,1,0,0,1,0,0,0,0,0,1,0,0,1,1,2,1,1,1,1,1,0,0,0,0,0.8472979068756104,2.1972246170043945
127,23,,-1.3628787994384766,0.1659291386604309,81,6,75,1,1,0,0,1998,2001,0,0,1,0,0,1,0,0,0,0,0,1,0,0,1,1,1,1,1,1,1,1,0,0,0,0,0.8472979068756104,2.1972246170043945
128,44,,,10.63265323638916,428,6,422,1,1,0,0,1989,2007,0,0,0,0,0,1,0,0,0,0,0,1,0,0,1,0,2,1,1,1,1,1,0,0,0,1,1.3862943649291992,1.3862943649291992
129,44,,,3.9535210132598877,65,6,59,1,1,0,0,1989,1993,0,0,0,0,0,1,0,0,0,0,0,1,0,0,1,0,2,1,1,1,1,1,0,0,0,1,1.3862943649291992,1.3862943649291992
130,44,,,2.524590253829956,114,6,108,1,1,0,0,1993,1999,0,0,0,0,0,1,0,0,0,0,0,1,0,0,1,0,2,1,1,1,1,1,0,0,0,1,1.3862943649291992,1.3862943649291992
131,44,,,1.8211581707000732,55,6,49,1,1,0,0,2000,2003,0,0,0,0,0,1,0,0,0,0,0,1,0,0,1,0,2,1,1,1,1,1,0,0,0,1,1.3862943649291992,1.3862943649291992
132,44,,,3.4042553901672363,94,6,88,1,1,0,0,2004,2007,0,0,0,0,0,1,0,0,0,0,0,1,0,0,1,0,2,1,1,1,1,1,0,0,0,1,1.3862943649291992,1.3862943649291992
133,44,,,1.3118361234664917,21,6,15,1,1,0,0,1989,1992,0,0,0,0,0,1,0,0,0,0,0,1,0,0,1,0,2,1,1,1,1,1,0,0,0,1,1.3862943649291992,1.3862943649291992
134,44,,,1.6944444179534912,93,6,87,1,1,0,0,1993,2000,0,0,0,0,0,1,0,0,0,0,0,1,0,0,1,0,2,1,1,1,1,1,0,0,0,1,1.3862943649291992,1.3862943649291992
135,44,,,0.564565896987915,39,7,32,1,1,0,0,1989,1993,0,0,0,0,0,1,0,0,0,0,0,1,0,0,1,0,2,1,1,1,1,1,1,1,0,1,1.3862943649291992,1.3862943649291992
136,44,,,1.7721726894378662,24,7,17,1,1,0,0,1993,1996,0,0,0,0,0,1,0,0,0,0,0,1,0,0,1,0,2,1,1,1,1,1,1,1,0,1,1.3862943649291992,1.3862943649291992
137,44,,,1.9304813146591187,119,7,112,1,1,0,0,1996,2001,0,0,0,0,0,1,0,0,0,0,0,1,0,0,1,0,2,1,1,1,1,1,1,1,0,1,1.3862943649291992,1.3862943649291992
138,44,,,0.3428063988685608,52,7,45,1,1,0,0,2002,2005,0,0,0,0,0,1,0,0,0,0,0,1,0,0,1,0,2,1,1,1,1,1,1,1,0,1,1.3862943649291992,1.3862943649291992
139,24,,,2.388059616088867,100,8,92,0,1,0,0,1991,1994,1,1,0,1,1,0,0,0,0,0,0,1,0,0,1,0,1,1,2,1,0,0,0,0,0,1,2.294862985610962,4.762174129486084
140,24,,,0.46188339591026306,100,8,92,0,1,0,0,1991,1994,1,1,0,1,1,0,0,0,0,0,0,1,0,0,1,0,1,1,2,1,0,0,0,0,0,1,2.294862985610962,4.762174129486084
141,25,,,3.1269285678863525,25,8,17,1,0,0,0,1991,1995,0,0,0,0,0,1,0,0,0,0,0,1,0,0,1,0,4,0,0,0,0,0,0,0,0,1,2.005333423614502,3.828641414642334
142,25,,,2.7142512798309326,25,6,19,1,0,0,0,1991,1995,0,0,0,0,0,1,0,0,0,0,0,1,0,0,1,0,4,0,0,0,0,0,0,0,0,1,2.005333423614502,3.828641414642334
143,25,,,0.45183423161506653,25,8,17,1,0,0,0,1996,2000,0,0,0,0,0,1,0,0,0,0,0,1,0,0,1,0,4,0,0,0,0,0,0,0,0,1,2.005333423614502,3.828641414642334
144,25,,,0.09943348169326782,25,6,19,1,0,0,0,1996,2000,0,0,0,0,0,1,0,0,0,0,0,1,0,0,1,0,4,0,0,0,0,0,0,0,0,1,2.005333423614502,3.828641414642334
145,25,,,4.632341384887695,25,8,17,1,0,1,0,1991,1995,0,0,0,0,0,1,0,0,0,0,0,1,0,0,1,0,4,0,0,0,0,0,0,0,0,1,2.005333423614502,3.828641414642334
146,25,,,0.9320791363716125,25,8,17,1,0,1,0,1996,2000,0,0,0,0,0,1,0,0,0,0,0,1,0,0,1,0,4,0,0,0,0,0,0,0,0,1,2.005333423614502,3.828641414642334
147,25,,,3.2068135738372803,25,9,16,1,0,0,0,1991,1995,0,0,0,0,0,1,0,0,0,0,0,1,0,0,1,0,4,0,0,0,0,0,0,0,0,1,2.005333423614502,3.828641414642334
148,25,,,3.9842112064361572,25,7,18,1,0,0,0,1991,1995,0,0,0,0,0,1,0,0,0,0,0,1,0,0,1,0,4,0,0,0,0,0,0,0,0,1,2.005333423614502,3.828641414642334
149,25,,,0.40535467863082886,25,9,16,1,0,0,0,1996,2000,0,0,0,0,0,1,0,0,0,0,0,1,0,0,1,0,4,0,0,0,0,0,0,0,0,1,2.005333423614502,3.828641414642334
150,25,,,0.36112189292907715,25,7,18,1,0,0,0,1996,2000,0,0,0,0,0,1,0,0,0,0,0,1,0,0,1,0,4,0,0,0,0,0,0,0,0,1,2.005333423614502,3.828641414642334
151,25,,,3.2068135738372803,25,9,16,1,0,0,0,1991,1995,0,0,0,0,0,1,0,0,0,0,0,1,0,0,1,0,4,0,0,0,0,0,0,0,0,1,2.005333423614502,3.828641414642334
152,25,,,3.9842112064361572,25,7,18,1,0,0,0,1991,1995,0,0,0,0,0,1,0,0,0,0,0,1,0,0,1,0,4,0,0,0,0,0,0,0,0,1,2.005333423614502,3.828641414642334
153,25,,,0.40535467863082886,25,9,16,1,0,0,0,1996,2000,0,0,0,0,0,1,0,0,0,0,0,1,0,0,1,0,4,0,0,0,0,0,0,0,0,1,2.005333423614502,3.828641414642334
154,25,,,0.36112189292907715,25,7,18,1,0,0,0,1996,2000,0,0,0,0,0,1,0,0,0,0,0,1,0,0,1,0,4,0,0,0,0,0,0,0,0,1,2.005333423614502,3.828641414642334
155,26,0,-1.6200000047683716,,143,34,109,0,1,0,0,1991,1996,0,0,0,0,1,0,0,0,1,0,0,0,0,1,1,0,7,1,4,1,0,0,0,0,1,0,3.222505569458008,5.58349609375
156,26,1,2.4700000286102295,0.40912961959838867,143,34,109,0,1,0,0,1991,1996,0,0,1,0,1,0,0,0,0,1,0,0,0,1,1,0,7,1,4,1,0,0,0,0,1,0,3.222505569458008,5.58349609375
157,26,0,-1.8300000429153442,-3.8927993774414062,143,27,116,0,1,0,0,1991,1996,0,0,1,0,1,0,0,0,0,0,1,0,0,1,1,0,6,1,4,1,0,0,0,0,1,0,3.222505569458008,5.58349609375
158,26,1,2.0999999046325684,-2.0076417922973633,143,27,116,0,1,0,0,1991,1996,0,0,1,0,1,0,0,0,0,1,0,0,0,1,1,0,6,1,4,1,0,0,0,0,1,0,3.222505569458008,5.58349609375
159,26,1,-5.400000095367432,-0.19837842881679535,143,38,105,0,1,0,0,1991,1996,1,0,1,0,1,0,0,0,0,1,0,0,0,1,1,0,8,1,4,1,0,0,0,0,1,0,3.222505569458008,5.58349609375
160,26,0,-1.8799999952316284,,143,38,105,0,1,0,0,1991,1996,1,0,0,0,1,0,0,0,0,0,1,0,0,1,1,0,8,1,4,1,0,0,0,0,1,0,3.222505569458008,5.58349609375
161,26,0,-1.2000000476837158,,143,34,109,0,1,1,0,1991,1996,0,0,0,0,1,0,0,0,1,0,0,0,0,1,1,0,7,1,4,1,0,0,0,0,1,0,3.222505569458008,5.58349609375
162,26,1,2.190000057220459,0.29196667671203613,143,34,109,0,1,1,0,1991,1996,0,0,1,0,1,0,0,0,0,1,0,0,0,1,1,0,7,1,4,1,0,0,0,0,1,0,3.222505569458008,5.58349609375
163,26,0,-1.5299999713897705,-3.699674129486084,143,27,116,0,1,1,0,1991,1996,0,0,1,0,1,0,0,0,0,0,1,0,0,1,1,0,6,1,4,1,0,0,0,0,1,0,3.222505569458008,5.58349609375
164,26,1,2.3299999237060547,3.883897304534912,143,27,116,0,1,1,0,1991,1996,0,0,1,0,1,0,0,0,0,1,0,0,0,1,1,0,6,1,4,1,0,0,0,0,1,0,3.222505569458008,5.58349609375
165,26,,8.260000228881836,,143,6,137,0,1,0,0,1991,1996,0,0,0,0,1,0,0,0,0,0,0,1,0,0,1,0,2,0,0,0,0,0,0,0,0,0,3.222505569458008,5.58349609375
166,26,,6.869999885559082,,143,42,101,0,1,0,0,1991,1996,1,0,0,0,1,0,0,0,0,0,0,1,0,0,1,0,1,1,3,1,0,0,0,0,1,0,3.222505569458008,5.58349609375
167,26,,3.430000066757202,,143,27,116,0,1,0,0,1991,1996,0,0,0,0,1,0,0,0,0,0,0,1,0,0,1,0,7,1,4,1,0,0,0,0,0,0,3.222505569458008,5.58349609375
168,26,,4.53000020980835,,143,24,119,0,1,0,0,1991,1996,0,0,0,0,1,0,0,0,0,0,0,1,0,0,1,0,7,1,4,1,0,0,0,0,0,0,3.222505569458008,5.58349609375
169,26,,2.450000047683716,,143,22,121,0,1,0,0,1991,1996,0,0,0,0,1,0,0,0,0,0,0,1,0,0,1,0,6,1,4,1,0,0,0,0,0,0,3.222505569458008,5.58349609375
170,26,,3.890000104904175,,143,6,137,0,1,0,0,1991,1996,0,1,1,0,1,0,0,0,0,0,0,1,0,0,1,0,2,0,0,0,0,0,0,0,0,0,3.222505569458008,5.58349609375
171,26,,4.829999923706055,,143,42,101,0,1,0,0,1991,1996,1,1,1,0,1,0,0,0,0,0,0,1,0,0,1,0,1,1,4,1,0,0,0,0,0,0,3.222505569458008,5.58349609375
172,26,,0.6200000047683716,,143,27,116,0,1,0,0,1991,1996,0,1,1,0,1,0,0,0,0,0,0,1,0,0,1,0,7,1,4,1,0,0,0,0,0,0,3.222505569458008,5.58349609375
173,26,,1.100000023841858,,143,24,119,0,1,0,0,1991,1996,0,1,1,0,1,0,0,0,0,0,0,1,0,0,1,0,7,1,4,1,0,0,0,0,0,0,3.222505569458008,5.58349609375
174,26,,0.46000000834465027,,143,22,121,0,1,0,0,1991,1996,0,1,1,0,1,0,0,0,0,0,0,1,0,0,1,0,6,1,4,1,0,0,0,0,0,0,3.222505569458008,5.58349609375
175,26,0,-3.4800000190734863,,143,50,93,0,1,0,1,1991,1996,1,1,1,0,1,0,0,0,0,0,1,0,0,1,1,0,1,1,3,1,0,0,0,0,1,0,3.222505569458008,5.58349609375
176,26,1,3.9800000190734863,0.5314071178436279,143,50,93,0,1,0,1,1991,1996,1,0,1,0,1,0,0,0,0,1,0,0,0,1,1,0,1,1,3,1,0,0,0,0,1,0,3.222505569458008,5.58349609375
177,26,1,-3.259999990463257,-1.100000023841858,143,50,93,0,1,1,1,1991,1996,1,1,1,0,1,0,0,0,0,0,1,0,0,1,1,0,1,1,3,1,0,0,0,0,1,0,3.222505569458008,5.58349609375
178,26,0,2.4600000381469727,0.321333110332489,143,50,93,0,1,1,1,1991,1996,1,0,1,0,1,0,0,0,0,1,0,0,0,1,1,0,1,1,3,1,0,0,0,0,1,0,3.222505569458008,5.58349609375
179,26,1,,-3.200000047683716,143,58,85,0,1,0,1,1991,1996,1,0,1,0,1,0,0,0,0,0,1,0,0,1,1,0,1,1,4,1,0,0,0,0,1,0,3.222505569458008,5.58349609375
180,26,0,2.259999990463257,-0.6180002093315125,143,58,85,0,1,0,1,1991,1996,1,0,1,0,1,0,0,0,0,1,0,0,0,1,1,0,1,1,4,1,0,0,0,0,1,0,3.222505569458008,5.58349609375
181,26,1,,-2.359999895095825,143,58,85,0,1,1,1,1991,1996,1,0,1,0,1,0,0,0,0,0,1,0,0,1,1,0,1,1,4,1,0,0,0,0,1,0,3.222505569458008,5.58349609375
182,26,0,2.0999999046325684,-0.41005444526672363,143,58,85,0,1,1,1,1991,1996,1,0,1,0,1,0,0,0,0,1,0,0,0,1,1,0,1,1,4,1,0,0,0,0,1,0,3.222505569458008,5.58349609375
183,26,0,-1.8799999952316284,,143,35,108,0,1,0,0,1991,1996,0,0,0,0,1,0,0,0,1,0,0,0,0,1,1,0,7,0,0,0,0,0,0,0,1,0,3.222505569458008,5.58349609375
184,26,1,2.2799999713897705,0.16370747983455658,143,35,108,0,1,0,0,1991,1996,0,0,1,0,1,0,0,0,0,1,0,0,0,1,1,0,7,0,0,0,0,0,0,0,1,0,3.222505569458008,5.58349609375
185,26,0,-1.8200000524520874,-3.56823468208313,143,30,113,0,1,0,0,1991,1996,0,0,1,0,1,0,0,0,0,0,1,0,0,1,1,0,6,0,0,0,0,0,0,0,1,0,3.222505569458008,5.58349609375
186,26,1,1.940000057220459,-1.0374772548675537,143,30,113,0,1,0,0,1991,1996,0,0,1,0,1,0,0,0,0,1,0,0,0,1,1,0,6,0,0,0,0,0,0,0,1,0,3.222505569458008,5.58349609375
187,27,,-0.5899999737739563,0.4415450990200043,237,8,229,1,1,1,0,1991,2000,0,0,1,1,0,1,0,0,0,0,0,1,0,0,1,1,2,1,1,0,0,0,0,0,0,1,2.005333423614502,3.828641414642334
188,27,,-0.7699999809265137,0.20578409731388092,237,9,228,1,1,1,0,1991,2000,0,0,1,1,0,1,0,0,0,0,0,1,0,0,1,1,2,1,1,0,0,0,0,0,0,1,2.005333423614502,3.828641414642334
189,27,,-1.1699999570846558,-0.17947395145893097,237,9,228,1,1,1,0,1991,2000,0,0,1,1,0,1,0,0,0,0,0,1,0,0,1,1,2,1,1,1,0,0,0,0,0,1,2.005333423614502,3.828641414642334
190,27,,-1.399999976158142,-0.3795956075191498,236,10,226,1,1,1,0,1991,2000,0,0,1,1,0,1,0,0,0,0,0,1,0,0,1,1,2,1,1,1,0,0,0,0,0,1,2.005333423614502,3.828641414642334
191,27,,-0.7300000190734863,0.27299660444259644,237,9,228,1,1,1,0,1991,2000,0,0,1,1,0,1,0,0,0,0,0,1,0,0,1,1,2,1,1,0,0,0,0,0,0,1,2.005333423614502,3.828641414642334
192,28,,,-2,25,6,19,1,0,0,0,1990,1994,1,1,0,0,0,1,0,0,0,0,0,1,0,0,1,1,2,0,0,0,0,0,1,1,0,1,1.2992830276489258,2.8332133293151855
193,28,,,-2.5,25,6,19,1,0,0,0,1990,1994,1,1,0,0,0,1,0,0,1,0,0,0,0,0,1,1,2,0,0,0,0,0,1,1,0,1,1.2992830276489258,2.8332133293151855
194,28,,,1,25,5,20,1,0,0,0,1994,1998,1,1,1,0,0,1,0,0,0,0,0,1,0,0,0,0,0,0,0,0,0,0,1,1,0,1,1.2992830276489258,2.8332133293151855
195,28,,,-1.100000023841858,25,7,18,1,0,0,0,1994,1998,1,1,1,0,0,1,0,0,1,0,0,0,0,0,1,0,2,0,0,0,0,0,1,1,0,1,1.2992830276489258,2.8332133293151855
196,28,,,0.10000000149011612,25,7,18,1,0,0,0,1998,2002,1,1,1,0,0,1,0,0,0,0,0,1,0,0,1,0,1,0,0,0,0,0,1,2,0,1,1.2992830276489258,2.8332133293151855
197,28,,,1.399999976158142,25,8,17,1,0,0,0,1998,2002,1,1,1,0,0,1,0,0,0,0,0,1,0,0,1,1,2,0,0,0,0,0,1,2,0,1,1.2992830276489258,2.8332133293151855
198,29,,-0.7200000286102295,2.635810375213623,150,9,141,0,1,0,0,1990,1997,0,0,1,0,0,0,1,0,0,0,0,1,0,0,0,0,0,1,2,1,0,0,0,0,0,0,2.995732307434082,5.147494316101074
199,29,,-1.159999966621399,2.1251094341278076,150,6,144,0,1,0,0,1990,1997,0,0,1,0,0,0,1,0,0,0,0,1,0,0,0,0,0,1,1,1,0,0,0,0,0,0,2.995732307434082,5.147494316101074
200,29,0,-2.5799999237060547,-1.0384743213653564,150,13,137,0,1,0,0,1990,1997,0,0,1,0,0,0,1,0,1,0,0,0,0,1,0,0,0,1,1,1,0,0,0,0,0,0,2.995732307434082,5.147494316101074
201,29,1,3.559999942779541,3.4585282802581787,150,13,137,0,1,0,0,1990,1997,0,0,1,0,0,0,1,0,0,1,0,0,0,1,0,0,0,1,1,1,0,0,0,0,0,0,2.995732307434082,5.147494316101074
202,29,,-2.0999999046325684,-0.9112237095832825,150,10,140,0,1,0,0,1990,1997,0,0,1,0,0,0,1,0,1,0,0,0,0,1,0,0,0,1,1,1,0,0,0,0,0,0,2.995732307434082,5.147494316101074
203,29,,-0.7400000095367432,0.5307800769805908,150,10,140,0,1,0,0,1990,1997,0,0,1,0,0,0,1,0,0,0,1,0,0,1,0,0,0,1,1,1,0,0,0,0,0,0,2.995732307434082,5.147494316101074
204,29,,3.5799999237060547,3.760711908340454,150,10,140,0,1,0,0,1990,1997,0,0,1,0,0,0,1,0,0,1,0,0,0,1,0,0,0,1,1,1,0,0,0,0,0,0,2.995732307434082,5.147494316101074
205,29,,0.3400000035762787,2.5872108936309814,150,10,140,0,1,0,0,1990,1997,0,0,1,0,0,0,1,0,0,0,0,1,0,0,1,1,2,1,2,1,0,0,0,0,0,0,2.995732307434082,5.147494316101074
206,29,,10.670000076293945,,150,5,145,0,1,0,0,1990,1997,0,0,0,0,0,0,1,0,0,0,0,1,0,0,0,0,0,1,2,1,0,0,0,0,0,0,2.995732307434082,5.147494316101074
207,29,,-2.8499999046325684,1.3852595090866089,150,5,145,0,1,0,0,1990,1997,0,0,1,0,0,0,1,0,0,0,0,1,0,0,0,0,0,1,1,1,0,0,0,0,0,0,2.995732307434082,5.147494316101074
208,29,,-2.0899999141693115,1.9362415075302124,150,7,143,0,1,0,0,1990,1997,0,0,1,0,0,0,1,0,0,0,0,1,0,0,1,1,2,1,1,1,0,0,0,0,0,0,2.995732307434082,5.147494316101074
209,29,,-1.6100000143051147,2.217630624771118,150,7,143,0,1,0,0,1990,1997,0,0,1,0,0,0,1,0,0,0,0,1,0,0,1,1,1,1,2,1,0,0,0,0,0,0,2.995732307434082,5.147494316101074
210,29,,-1.600000023841858,2.4617550373077393,150,8,142,0,1,0,0,1990,1997,0,0,1,0,0,0,1,0,0,0,0,1,0,0,1,1,2,1,2,1,0,0,0,0,0,0,2.995732307434082,5.147494316101074
211,29,,-1.2599999904632568,2.52140212059021,150,7,143,0,1,0,0,1990,1997,0,0,1,0,0,0,1,0,0,0,0,1,0,0,1,0,1,1,2,1,0,0,0,0,0,0,2.995732307434082,5.147494316101074
212,29,,-3.819999933242798,1.915134310722351,150,7,143,0,1,0,0,1990,1997,0,0,1,0,0,0,1,0,0,0,0,1,0,0,1,1,2,1,1,0,0,0,0,0,0,0,2.995732307434082,5.147494316101074
213,29,,-2.7100000381469727,2.3139305114746094,150,8,142,0,1,0,0,1990,1997,0,0,1,0,0,0,1,0,0,0,0,1,0,0,1,1,3,1,1,0,0,0,0,0,0,0,2.995732307434082,5.147494316101074
214,29,,-2.759999990463257,3.0365428924560547,150,7,143,0,1,0,0,1990,1997,0,0,1,0,0,0,1,0,0,0,0,1,0,0,1,0,2,1,1,0,0,0,0,0,0,0,2.995732307434082,5.147494316101074
215,29,,-2.200000047683716,2.8730552196502686,150,8,142,0,1,0,0,1990,1997,0,0,1,0,0,0,1,0,0,0,0,1,0,0,1,0,1,1,2,1,0,0,0,0,0,0,2.995732307434082,5.147494316101074
216,29,,-1.559999942779541,3.038482904434204,150,8,142,0,1,0,0,1990,1997,0,0,1,0,0,0,1,0,0,0,0,1,0,0,1,0,1,1,2,1,0,0,0,0,0,0,2.995732307434082,5.147494316101074
217,29,1,-2.509999990463257,-0.928699791431427,175,9,166,0,1,0,0,1990,1997,0,0,1,0,0,0,1,0,1,0,0,0,0,1,1,0,1,1,2,1,0,0,0,0,0,0,2.995732307434082,5.147494316101074
218,29,0,-1.840000033378601,2.4988574981689453,175,9,166,0,1,0,0,1990,1997,0,0,1,0,0,0,1,0,0,0,1,0,0,1,1,0,1,1,2,1,0,0,0,0,0,0,2.995732307434082,5.147494316101074
219,29,,-0.7400000095367432,1.467038631439209,150,6,144,0,1,0,0,1990,1997,0,0,1,0,0,0,1,0,0,0,0,1,0,0,0,0,0,1,2,1,0,0,0,0,0,0,2.995732307434082,5.147494316101074
220,29,,1.5299999713897705,,100,3,97,0,1,0,0,1990,1993,0,0,0,0,1,0,0,0,0,0,0,1,0,0,0,0,0,1,1,1,0,0,0,0,0,0,2.995732307434082,5.147494316101074
221,29,,-2.5799999237060547,,100,4,96,0,1,0,0,1990,1993,0,0,0,0,1,0,0,0,1,0,0,0,0,1,0,0,0,1,1,1,0,0,0,0,0,0,2.995732307434082,5.147494316101074
222,29,,0.8199999928474426,,100,3,97,0,1,0,0,1990,1993,0,0,0,0,1,0,0,0,1,0,0,0,0,0,0,0,0,1,1,1,0,0,0,0,0,0,2.995732307434082,5.147494316101074
223,29,,1.149999976158142,,100,4,96,0,1,0,0,1990,1993,0,0,0,0,1,0,0,0,0,0,1,0,0,1,0,0,0,1,1,1,0,0,0,0,0,0,2.995732307434082,5.147494316101074
224,29,,1.7599999904632568,,100,3,97,0,1,0,0,1990,1993,0,0,0,0,1,0,0,0,0,0,1,0,0,0,0,0,0,1,1,1,0,0,0,0,0,0,2.995732307434082,5.147494316101074
225,29,,1.090000033378601,,100,4,96,0,1,0,0,1990,1993,0,0,0,0,1,0,0,0,0,1,0,0,0,1,0,0,0,1,1,1,0,0,0,0,0,0,2.995732307434082,5.147494316101074
226,29,,1.6699999570846558,,100,3,97,0,1,0,0,1990,1993,0,0,0,0,1,0,0,0,0,1,0,0,0,0,0,0,0,1,1,1,0,0,0,0,0,0,2.995732307434082,5.147494316101074
227,29,,21.1200008392334,,100,3,97,0,1,0,0,1994,1997,0,0,0,0,0,1,0,0,0,0,0,1,0,0,0,0,0,1,1,1,0,0,0,0,0,0,2.995732307434082,5.147494316101074
228,29,,3.450000047683716,,100,4,96,0,1,0,0,1994,1997,0,0,0,0,0,1,0,0,1,0,0,0,0,1,0,0,0,1,1,1,0,0,0,0,0,0,2.995732307434082,5.147494316101074
229,29,,17.149999618530273,,100,3,97,0,1,0,0,1994,1997,0,0,0,0,0,1,0,0,1,0,0,0,0,0,0,0,0,1,1,1,0,0,0,0,0,0,2.995732307434082,5.147494316101074
230,29,,-0.11999999731779099,,100,4,96,0,1,0,0,1994,1997,0,0,0,0,0,1,0,0,0,0,1,0,0,1,0,0,0,1,1,1,0,0,0,0,0,0,2.995732307434082,5.147494316101074
231,29,,20.40999984741211,,100,3,97,0,1,0,0,1994,1997,0,0,0,0,0,1,0,0,0,0,1,0,0,0,0,0,0,1,1,1,0,0,0,0,0,0,2.995732307434082,5.147494316101074
232,29,,1.9299999475479126,,100,4,96,0,1,0,0,1994,1997,0,0,0,0,0,1,0,0,0,1,0,0,0,1,0,0,0,1,1,1,0,0,0,0,0,0,2.995732307434082,5.147494316101074
233,29,,16.729999542236328,,100,3,97,0,1,0,0,1994,1997,0,0,0,0,0,1,0,0,0,1,0,0,0,0,0,0,0,1,1,1,0,0,0,0,0,0,2.995732307434082,5.147494316101074
234,30,,3.0999999046325684,,113,6,107,0,1,0,0,1994,1998,0,0,0,0,0,1,0,0,0,0,0,1,0,0,1,0,2,1,2,1,0,0,0,0,0,0,2.5839974880218506,4.595119953155518
235,30,,1.7400000095367432,,80,7,73,0,1,0,0,1994,1998,0,0,0,0,0,1,0,0,0,0,0,1,0,0,1,0,2,1,2,1,1,1,0,0,0,0,2.5839974880218506,4.595119953155518
236,30,,,4.599999904632568,25,6,19,0,0,0,0,1994,1998,0,0,0,0,0,1,0,0,0,0,0,1,0,0,1,0,2,1,2,1,0,0,0,0,0,0,2.5839974880218506,4.595119953155518
237,30,,,2.490000009536743,25,7,18,0,0,0,0,1994,1998,0,0,0,0,0,1,0,0,0,0,0,1,0,0,1,0,2,1,2,1,1,1,0,0,0,0,2.5839974880218506,4.595119953155518
238,31,,-6.961999893188477,-2.950000047683716,192,7,185,1,1,1,0,1993,2000,0,1,1,0,0,1,0,0,0,0,1,0,0,0,1,0,3,1,1,1,0,0,1,1,1,0,0.133531391620636,0.6931471824645996
239,31,1,-5.614999771118164,-3.4110000133514404,192,8,184,1,1,1,0,1993,2000,0,1,1,0,0,1,0,0,0,0,1,0,0,1,1,0,3,1,1,1,0,0,1,1,1,0,0.133531391620636,0.6931471824645996
240,31,0,-3.3980000019073486,,192,8,184,1,1,1,0,1993,2000,0,1,0,0,0,1,0,0,1,0,0,0,0,1,1,0,3,1,1,1,0,0,1,1,1,0,0.133531391620636,0.6931471824645996
241,31,1,-4.195000171661377,-2.369999885559082,192,9,183,1,1,1,0,1993,2000,0,1,1,0,0,1,0,0,0,0,1,0,0,1,1,0,3,1,1,1,0,0,1,1,1,0,0.133531391620636,0.6931471824645996
242,31,0,-3.8359999656677246,-2.13100004196167,192,9,183,1,1,1,0,1993,2000,0,1,0,0,0,1,0,0,1,0,0,0,0,1,1,0,3,1,1,1,0,0,1,1,1,0,0.133531391620636,0.6931471824645996
243,31,1,-4.1519999504089355,,192,9,183,1,1,1,0,1993,2000,0,1,0,0,0,1,0,0,0,0,1,0,0,1,1,0,3,1,1,1,0,0,1,1,1,0,0.133531391620636,0.6931471824645996
244,31,0,-3.7880001068115234,-3.9179999828338623,192,9,183,1,1,1,0,1993,2000,0,1,0,0,0,1,0,0,1,0,0,0,0,1,1,0,3,1,1,1,1,1,1,1,1,0,0.133531391620636,0.6931471824645996
245,31,1,-3.4049999713897705,,192,9,183,1,1,1,0,1993,2000,0,1,0,0,0,1,0,0,0,0,1,0,0,1,1,0,3,1,1,1,0,0,1,1,1,0,0.133531391620636,0.6931471824645996
246,31,0,-3.299999952316284,-4.4070000648498535,192,9,183,1,1,1,0,1993,2000,0,1,0,0,0,1,0,0,1,0,0,0,0,1,1,0,3,1,1,1,1,1,1,1,1,0,0.133531391620636,0.6931471824645996
247,31,1,-3.9690001010894775,,192,10,182,1,1,1,0,1993,2000,0,1,0,0,0,1,0,0,0,0,1,0,0,1,1,0,3,1,1,1,0,0,1,1,1,0,0.133531391620636,0.6931471824645996
248,31,0,-3.125999927520752,-4.330999851226807,192,10,182,1,1,1,0,1993,2000,0,1,0,0,0,1,0,0,1,0,0,0,0,1,1,0,3,1,1,1,1,2,1,1,1,0,0.133531391620636,0.6931471824645996
249,32,,,-1.2200000286102295,23,2,21,1,0,0,0,1990,2001,0,1,0,0,0,1,0,0,0,0,1,0,0,0,0,0,0,0,0,0,0,0,0,0,0,0,2.788092851638794,4.127134323120117
250,32,,,-1.7300000190734863,23,5,18,1,0,0,0,1990,2001,0,1,1,0,0,1,0,0,0,0,1,0,0,0,0,0,1,0,1,0,1,1,0,0,0,0,2.788092851638794,4.127134323120117
251,32,,,-2.140000104904175,23,6,17,1,0,0,0,1990,2001,0,1,1,0,0,1,0,0,0,0,1,0,0,0,0,0,0,1,1,1,1,2,0,0,0,0,2.788092851638794,4.127134323120117
252,32,,,-3.059999942779541,23,3,20,1,0,0,0,1990,2001,0,1,1,0,0,1,0,0,0,0,1,0,0,0,0,0,0,0,0,0,0,0,0,0,0,0,2.788092851638794,4.127134323120117
253,32,,,-2.0799999237060547,23,4,19,1,0,0,0,1990,2001,0,1,1,0,0,1,0,0,0,0,1,0,0,0,0,0,0,0,0,0,1,1,0,0,0,0,2.788092851638794,4.127134323120117
254,32,,,-2.319999933242798,23,5,18,1,0,0,0,1990,2001,0,1,1,0,0,1,0,0,0,0,1,0,0,0,0,0,0,0,0,0,1,2,0,0,0,0,2.788092851638794,4.127134323120117
255,32,,,-2.799999952316284,23,5,18,1,0,1,0,1990,2001,0,1,1,0,0,1,0,0,0,0,1,0,0,0,0,0,0,0,0,0,1,2,0,0,0,0,2.788092851638794,4.127134323120117
256,32,,,-2.049999952316284,23,4,19,1,0,1,0,1990,2001,0,1,1,0,0,1,0,0,0,0,1,0,0,0,0,0,0,0,0,0,1,1,0,0,0,0,2.788092851638794,4.127134323120117
257,32,,,-2.0899999141693115,23,5,18,1,0,1,0,1990,2001,0,1,1,0,0,1,0,0,0,0,1,0,0,0,0,0,0,0,0,0,1,2,0,0,0,0,2.788092851638794,4.127134323120117
258,33,,,3.4800000190734863,291,7,284,0,1,0,1,1983,2003,0,0,0,1,0,1,0,0,0,0,0,1,0,0,1,0,1,1,2,0,0,0,0,0,0,1,2.4423470497131348,3.761200189590454
259,33,,,2.319999933242798,272,8,264,0,1,0,1,1983,2003,0,0,0,1,0,1,0,0,0,0,0,1,0,0,1,0,1,1,2,0,0,0,0,0,0,1,2.4423470497131348,3.761200189590454
260,33,,,3.0999999046325684,271,8,263,0,1,0,1,1983,2003,0,0,0,1,0,1,0,0,0,0,0,1,0,0,1,0,1,1,2,0,0,0,0,0,0,1,2.4423470497131348,3.761200189590454
261,33,,,2.549999952316284,269,8,261,0,1,0,1,1983,2003,0,0,0,1,0,1,0,0,0,0,0,1,0,0,1,0,1,1,2,0,0,0,0,0,0,1,2.4423470497131348,3.761200189590454
262,33,,,1.5399999618530273,247,10,237,0,1,0,1,1983,2003,0,0,0,1,0,1,0,0,0,0,0,1,0,0,1,0,1,1,2,0,0,0,0,0,0,1,2.4423470497131348,3.761200189590454
263,33,,1.8300000429153442,,247,10,237,0,1,1,1,1983,2003,0,0,0,1,0,1,0,0,0,0,0,1,0,0,1,0,1,1,2,0,0,0,0,0,0,1,2.4423470497131348,3.761200189590454
264,33,,,7.480000019073486,247,10,237,0,1,1,0,1983,2003,0,0,0,1,0,1,0,0,0,0,0,1,0,0,1,0,1,1,1,0,0,0,0,0,0,1,2.4423470497131348,3.761200189590454
265,33,,,2.2200000286102295,247,10,237,0,1,1,0,1983,2003,0,0,0,1,0,1,0,0,0,0,0,1,0,0,1,0,1,1,1,0,0,0,0,0,0,1,2.4423470497131348,3.761200189590454
266,33,,,8.600000381469727,247,10,237,0,1,1,0,1983,2003,0,0,0,1,0,1,0,0,0,0,0,1,0,0,1,0,1,1,1,0,0,0,0,0,0,1,2.4423470497131348,3.761200189590454
267,33,,,4.349999904632568,247,10,237,0,1,1,0,1983,2003,0,0,0,1,0,1,0,0,0,0,0,1,0,0,1,0,1,1,1,0,0,0,0,0,0,1,2.4423470497131348,3.761200189590454
268,33,,,5.929999828338623,190,10,180,0,1,1,0,1983,2003,0,0,0,1,0,1,0,0,0,0,0,1,0,0,1,0,1,1,1,0,0,0,0,0,0,1,2.4423470497131348,3.761200189590454
269,33,,,4.670000076293945,127,10,117,0,1,1,0,1983,2003,0,0,0,1,0,1,0,0,0,0,0,1,0,0,1,0,1,1,1,0,0,0,0,0,0,1,2.4423470497131348,3.761200189590454
270,33,,,4.789999961853027,120,10,110,0,1,1,0,1983,2003,0,0,0,1,0,1,0,0,0,0,0,1,0,0,1,0,1,1,1,0,0,0,0,0,0,1,2.4423470497131348,3.761200189590454
271,33,,,1.6399999856948853,250,9,241,0,1,0,1,1983,2003,0,0,0,1,0,1,0,0,0,0,0,1,0,0,1,0,1,1,1,0,0,0,0,0,0,1,2.4423470497131348,3.761200189590454
272,33,,,1.2400000095367432,226,9,217,0,1,1,0,1983,2003,0,0,0,1,0,1,0,0,0,0,0,1,0,0,1,0,1,1,1,0,0,0,0,0,0,1,2.4423470497131348,3.761200189590454
273,33,,,3.049999952316284,250,9,241,0,1,1,0,1983,2003,0,0,0,1,0,1,0,0,0,0,0,1,0,0,1,0,1,1,1,0,0,0,0,0,0,1,2.4423470497131348,3.761200189590454
274,34,,,-0.6499999761581421,27,4,23,1,0,0,0,1990,1999,0,0,0,0,0,1,0,0,0,0,0,1,0,0,0,0,2,1,1,1,0,0,0,0,0,0,0.18232156336307526,0.6931471824645996
275,34,,,0.8090000152587891,27,3,24,1,0,0,0,1990,1999,0,0,0,0,0,1,0,0,0,0,0,1,0,0,0,0,2,1,1,1,0,0,0,0,0,0,0.18232156336307526,0.6931471824645996
276,34,,,0.796999990940094,27,3,24,1,0,0,0,1990,1999,0,0,0,0,0,1,0,0,0,0,0,1,0,0,0,0,2,1,1,1,0,0,0,0,0,0,0.18232156336307526,0.6931471824645996
277,34,,,0.671999990940094,27,4,23,1,0,0,0,1990,1999,0,0,0,0,0,1,0,0,0,0,0,1,0,0,0,0,2,1,1,1,0,0,0,0,0,0,0.18232156336307526,0.6931471824645996
278,34,,,-0.699999988079071,27,4,23,1,0,0,0,1990,1999,0,0,0,0,0,1,0,0,0,0,0,1,0,0,0,0,1,1,1,1,0,0,0,0,0,0,0.18232156336307526,0.6931471824645996
279,34,,,0.9229999780654907,27,4,23,1,0,0,0,1990,1999,0,0,0,0,0,1,0,0,0,0,0,1,0,0,0,0,1,1,1,1,0,0,0,0,0,0,0.18232156336307526,0.6931471824645996
280,35,,,4.4380950927734375,294,3,291,1,1,1,0,1989,2002,0,0,0,0,0,1,0,0,0,0,0,1,0,0,0,0,0,1,2,1,0,0,0,0,0,0,0.5877866744995117,1.6094379425048828
281,35,,,3.616666555404663,294,3,291,1,1,1,0,1989,2002,0,0,0,0,0,1,0,0,0,0,0,1,0,0,0,0,0,1,2,1,0,0,0,0,0,0,0.5877866744995117,1.6094379425048828
282,35,,,2.754237174987793,294,3,291,1,1,1,0,1989,2002,0,0,0,0,0,1,0,0,0,0,0,1,0,0,0,0,0,1,2,1,0,0,0,0,0,0,0.5877866744995117,1.6094379425048828
283,36,1,-1.9739999771118164,-2.312999963760376,225,20,205,1,1,1,0,1991,2000,0,1,1,0,0,1,0,0,1,0,0,0,0,1,1,0,1,1,1,1,0,0,1,1,0,0,0.9555114507675171,2.1972246170043945
284,36,0,0.2590000033378601,-1.0670000314712524,225,20,205,1,1,1,0,1991,2000,0,1,1,0,0,1,0,0,0,1,0,0,0,1,1,0,1,1,1,1,0,0,1,1,0,0,0.9555114507675171,2.1972246170043945
285,36,1,-2.0139999389648438,,225,11,214,1,1,1,0,1991,2000,0,1,1,0,0,1,0,0,1,0,0,0,0,1,1,0,1,1,1,1,0,0,1,1,0,0,0.9555114507675171,2.1972246170043945
286,36,0,1.468000054359436,-1.1699999570846558,225,11,214,1,1,1,0,1991,2000,0,1,1,0,0,1,0,0,0,0,1,0,0,1,1,0,1,1,1,1,0,0,1,1,0,0,0.9555114507675171,2.1972246170043945
287,36,1,-1.0410000085830688,,225,11,214,1,1,1,0,1991,2000,0,1,0,0,0,1,0,0,1,0,0,0,0,1,1,0,1,1,1,1,0,0,1,1,0,0,0.9555114507675171,2.1972246170043945
288,36,0,0.07100000232458115,-1.722000002861023,225,11,214,1,1,1,0,1991,2000,0,1,1,0,0,1,0,0,1,0,0,0,0,1,1,0,1,1,1,1,0,0,1,1,0,0,0.9555114507675171,2.1972246170043945
289,36,,-2.371000051498413,-2.5179998874664307,225,6,219,1,1,1,0,1991,2000,0,1,1,0,0,1,0,0,1,0,0,0,0,0,1,0,1,1,1,1,0,0,1,1,0,0,0.9555114507675171,2.1972246170043945
290,36,,-2.069999933242798,0.7020000219345093,225,6,219,1,1,1,0,1991,2000,0,1,1,0,0,1,0,0,0,1,0,0,0,0,1,0,1,1,1,1,0,0,1,1,0,0,0.9555114507675171,2.1972246170043945
291,36,,-0.9760000109672546,0.1589999943971634,225,6,219,1,1,1,0,1991,2000,0,1,1,0,0,1,0,0,0,0,1,0,0,0,1,0,1,1,1,1,0,0,1,1,0,0,0.9555114507675171,2.1972246170043945
292,36,,0.22100000083446503,-1.031999945640564,225,6,219,1,1,1,0,1991,2000,0,1,1,0,0,1,0,0,0,0,1,0,0,0,1,0,1,1,1,1,0,0,1,1,0,0,0.9555114507675171,2.1972246170043945
293,36,,-2.052000045776367,-0.31299999356269836,225,6,219,1,1,1,0,1991,2000,0,1,1,0,0,1,0,0,1,0,0,0,0,0,1,0,1,1,1,1,0,0,1,1,0,0,0.9555114507675171,2.1972246170043945
294,36,,0.09600000083446503,-1.3389999866485596,225,6,219,1,1,1,0,1991,2000,0,1,1,0,0,1,0,0,0,1,0,0,0,0,1,0,1,1,1,1,0,0,1,1,0,0,0.9555114507675171,2.1972246170043945
295,36,,-1.4149999618530273,-0.34200000762939453,225,6,219,1,1,1,0,1991,2000,0,1,1,0,0,1,0,0,0,0,1,0,0,0,1,0,1,1,1,1,0,0,1,1,0,0,0.9555114507675171,2.1972246170043945
296,36,,1.1920000314712524,-0.2720000147819519,225,6,219,1,1,1,0,1991,2000,0,1,1,0,0,1,0,0,0,0,1,0,0,0,1,0,1,1,1,1,0,0,1,1,0,0,0.9555114507675171,2.1972246170043945
297,36,,-0.6489999890327454,-2.492000102996826,225,6,219,1,1,1,0,1991,2000,0,1,1,0,0,1,0,0,1,0,0,0,0,0,1,0,1,1,1,1,0,0,1,1,0,0,0.9555114507675171,2.1972246170043945
298,36,,-3.571000099182129,-0.7540000081062317,225,6,219,1,1,1,0,1991,2000,0,1,1,0,0,1,0,0,0,1,0,0,0,0,1,0,1,1,1,1,0,0,1,1,0,0,0.9555114507675171,2.1972246170043945
299,36,,-1.652999997138977,0.08799999952316284,225,6,219,1,1,1,0,1991,2000,0,1,1,0,0,1,0,0,0,0,1,0,0,0,1,0,1,1,1,1,0,0,1,1,0,0,0.9555114507675171,2.1972246170043945
300,36,,-4.448999881744385,-2.0429999828338623,225,6,219,1,1,1,0,1991,2000,0,0,1,0,0,1,0,0,1,0,0,0,0,0,1,0,1,1,1,1,0,0,1,1,0,0,0.9555114507675171,2.1972246170043945
301,36,,-5.348999977111816,-1.5422091484069824,225,7,218,1,1,1,0,1991,2000,0,0,1,0,0,1,0,0,1,0,0,0,0,0,1,0,1,1,1,1,0,0,1,1,0,0,0.9555114507675171,2.1972246170043945
302,36,,-3.6010000705718994,-0.7141919136047363,225,8,217,1,1,1,0,1991,2000,0,0,1,0,0,1,0,0,1,0,0,0,0,0,1,0,1,1,1,1,0,0,1,1,0,0,0.9555114507675171,2.1972246170043945
303,36,,-0.12600000202655792,-1.465000033378601,123,6,117,1,1,1,0,1996,2000,0,1,1,0,0,1,0,0,1,0,0,0,0,0,1,0,1,1,1,1,0,0,1,1,0,0,0.9555114507675171,2.1972246170043945
304,37,,-2.984163999557495,11.364436149597168,391,31,360,0,1,0,1,1989,2004,0,0,1,0,0,1,0,0,0,0,0,1,0,0,0,0,0,1,1,1,0,0,0,0,0,1,2.140066146850586,2.7725887298583984
305,37,,-4.336048603057861,10.304015159606934,391,32,359,0,1,0,1,1989,2004,0,0,1,0,0,1,0,0,0,0,0,1,0,0,1,0,1,1,1,1,0,0,0,0,0,1,2.140066146850586,2.7725887298583984
306,37,,-1.9969457387924194,5.637404441833496,362,5,357,0,1,1,0,1989,2004,0,0,1,0,0,1,0,0,0,0,0,1,0,0,0,0,0,1,1,1,0,0,0,0,0,1,2.140066146850586,2.7725887298583984
307,37,,0,10.85793399810791,391,28,363,0,1,0,1,1989,2004,0,0,1,0,0,1,0,0,0,0,0,1,0,0,0,0,0,1,1,1,0,0,0,0,0,1,2.140066146850586,2.7725887298583984
308,37,,-2.1968934535980225,2.4333577156066895,391,31,360,0,1,0,1,1989,2004,0,0,1,0,0,1,0,0,0,0,0,1,0,0,1,0,1,1,1,1,0,0,0,0,0,1,2.140066146850586,2.7725887298583984
309,38,,-2.369999885559082,0,200,6,194,1,1,0,0,1991,1999,0,0,1,0,0,1,0,0,0,0,0,1,0,0,1,1,1,1,1,1,0,0,0,0,0,1,1.475906491279602,3.332204580307007
310,38,1,-2.180000066757202,0.16267772018909454,200,20,180,1,1,0,0,1991,1999,0,0,1,0,0,1,0,0,1,0,0,0,0,1,1,1,1,1,1,1,0,0,0,0,0,1,1.475906491279602,3.332204580307007
311,38,0,-0.1599999964237213,-1.147983431816101,200,20,180,1,1,0,0,1991,1999,0,0,1,0,0,1,0,0,0,0,1,0,0,1,1,1,1,1,1,1,0,0,0,0,0,1,1.475906491279602,3.332204580307007
312,38,,-3.240000009536743,-0.07170497626066208,200,6,194,1,1,0,0,1991,1999,0,0,1,0,0,1,0,0,0,0,1,0,0,0,1,1,1,1,1,1,0,0,0,0,0,1,1.475906491279602,3.332204580307007
313,38,,-0.7400000095367432,,150,4,146,1,1,1,0,1991,1999,0,0,0,0,0,1,0,0,0,0,1,0,0,0,1,1,1,1,1,1,0,0,0,0,0,1,1.475906491279602,3.332204580307007
314,38,,-2.4800000190734863,-0.12017159909009933,100,6,94,1,1,0,0,1991,1995,0,0,1,0,0,1,0,0,0,0,1,0,0,0,1,1,1,1,1,1,0,0,0,0,0,1,1.475906491279602,3.332204580307007
315,38,,-0.8399999737739563,-0.11394137144088745,100,5,95,1,1,0,0,1996,1999,0,0,1,0,0,1,0,0,0,0,1,0,0,0,1,1,1,1,1,1,0,0,0,0,0,1,1.475906491279602,3.332204580307007
316,38,,-3.809999942779541,,200,5,195,1,1,0,0,1991,1999,0,1,0,0,0,1,0,0,0,0,1,0,0,0,1,1,1,1,1,1,0,0,0,0,0,1,1.475906491279602,3.332204580307007
317,38,,-3.3499999046325684,,200,7,193,1,1,0,0,1991,1999,0,1,0,0,0,1,0,0,0,0,1,0,0,0,1,1,1,1,1,1,0,0,0,0,0,1,1.475906491279602,3.332204580307007
318,38,,-2.369999885559082,,200,7,193,1,1,0,0,1991,1999,0,1,0,0,0,1,0,0,0,0,1,0,0,0,1,1,1,1,1,1,0,0,0,0,0,1,1.475906491279602,3.332204580307007
319,39,,,1.218000054359436,24,2,22,0,0,1,0,1992,2004,0,0,0,0,0,1,0,0,0,0,0,1,0,0,1,0,1,0,0,0,0,0,0,0,0,1,2.9831535816192627,4.330733299255371
320,39,,,0.39089998602867126,24,4,20,0,0,1,0,1992,2004,0,1,0,0,0,1,0,0,0,0,0,1,0,0,1,0,1,0,0,0,1,1,0,0,0,1,2.9831535816192627,4.330733299255371
321,40,,1.840000033378601,,160,9,151,1,1,0,0,1989,1997,1,0,0,0,1,0,0,0,0,0,0,1,0,0,1,0,2,1,2,1,0,0,0,0,0,0,0.3566749393939972,1.3862943649291992
322,40,,1.7100000381469727,,160,10,150,1,1,0,0,1989,1997,1,0,0,0,1,0,0,0,0,0,0,1,0,0,1,0,2,1,2,1,0,0,0,0,0,0,0.3566749393939972,1.3862943649291992
323,40,,0.009999999776482582,,160,9,151,1,1,0,0,1989,1997,1,0,0,0,1,0,0,0,0,0,0,1,0,0,1,0,2,1,2,1,0,0,0,0,0,0,0.3566749393939972,1.3862943649291992
324,40,,0.009999999776482582,,160,9,151,1,1,0,0,1989,1997,1,0,0,0,1,0,0,0,0,0,0,1,0,0,1,0,2,1,2,1,0,0,0,0,0,0,0.3566749393939972,1.3862943649291992
325,40,,1.7899999618530273,,160,9,151,1,1,0,1,1989,1997,1,0,0,0,1,0,0,0,0,0,0,1,0,0,1,0,1,1,2,1,0,0,0,0,0,0,0.3566749393939972,1.3862943649291992
326,40,,2.0199999809265137,,160,9,151,1,1,0,1,1989,1997,1,0,0,0,1,0,0,0,0,0,0,1,0,0,1,0,1,1,2,1,0,0,0,0,0,0,0.3566749393939972,1.3862943649291992
327,40,,0.8899999856948853,,160,11,149,1,1,0,1,1989,1997,1,0,0,0,1,0,0,0,0,0,0,1,0,0,1,0,1,1,2,1,0,0,0,0,0,0,0.3566749393939972,1.3862943649291992
328,40,,0.4399999976158142,,160,11,149,1,1,0,1,1989,1997,1,0,0,0,1,0,0,0,0,0,0,1,0,0,1,0,1,1,2,1,0,0,0,0,0,0,0.3566749393939972,1.3862943649291992
329,40,,2.9700000286102295,,160,11,149,1,1,1,1,1989,1997,1,0,0,0,1,0,0,0,0,0,0,1,0,0,1,0,1,1,2,1,0,0,0,0,0,0,0.3566749393939972,1.3862943649291992
330,40,,3.390000104904175,,160,11,149,1,1,1,1,1989,1997,1,0,0,0,1,0,0,0,0,0,0,1,0,0,1,0,1,1,2,1,0,0,0,0,0,0,0.3566749393939972,1.3862943649291992
331,40,,2.9600000381469727,,160,11,149,1,1,1,1,1989,1997,1,0,0,0,1,0,0,0,0,0,0,1,0,0,1,0,1,1,2,1,0,0,0,0,0,0,0.3566749393939972,1.3862943649291992
332,40,,3.390000104904175,,160,11,149,1,1,1,1,1989,1997,1,0,0,0,1,0,0,0,0,0,0,1,0,0,1,0,1,1,2,1,0,0,0,0,0,0,0.3566749393939972,1.3862943649291992
333,41,,10.260000228881836,,329,27,302,0,1,0,1,1990,2004,0,0,0,0,0,1,0,0,0,0,1,0,0,0,1,0,1,1,1,1,0,0,1,1,0,1,1.2527629137039185,2.397895336151123
334,41,,8.8100004196167,,329,27,302,0,1,0,1,1990,2004,0,0,0,0,0,1,0,0,1,0,0,0,0,0,1,0,1,1,1,1,0,0,1,1,0,1,1.2527629137039185,2.397895336151123
335,41,,8.930000305175781,,329,27,302,0,1,1,1,1990,2004,0,0,0,0,0,1,0,0,0,0,1,0,0,0,1,0,1,1,1,1,0,0,1,1,0,1,1.2527629137039185,2.397895336151123
336,41,,7.75,,329,27,302,0,1,1,1,1990,2004,0,0,0,0,0,1,0,0,1,0,0,0,0,0,1,0,1,1,1,1,0,0,1,1,0,1,1.2527629137039185,2.397895336151123
337,41,,7.110000133514404,,322,27,295,0,1,1,1,1990,2004,1,0,0,0,0,1,0,0,0,0,1,0,0,0,1,0,1,1,1,1,0,0,1,1,0,1,1.2527629137039185,2.397895336151123
338,41,,6.539999961853027,,322,27,295,0,1,1,1,1990,2004,1,0,0,0,0,1,0,0,1,0,0,0,0,0,1,0,1,1,1,1,0,0,1,1,0,1,1.2527629137039185,2.397895336151123
339,42,,-3.424999952316284,3.424999952316284,149,4,145,0,1,0,1,1990,1997,0,1,1,0,0,0,1,0,0,0,0,1,0,0,1,0,1,1,1,1,0,0,0,0,0,1,2.6672282218933105,4.905274868011475
340,42,,-2.48799991607666,3.424999952316284,149,5,144,0,1,0,1,1990,1997,0,1,1,0,0,0,1,0,0,0,0,1,0,0,1,0,1,1,1,1,0,0,0,0,0,1,2.6672282218933105,4.905274868011475
341,42,,-2.437999963760376,3.1480000019073486,149,6,143,0,1,0,1,1990,1997,0,1,1,0,0,0,1,0,0,0,0,1,0,0,1,0,1,1,2,1,0,0,0,0,0,1,2.6672282218933105,4.905274868011475
342,42,,-2.3929998874664307,3.1489999294281006,149,7,142,0,1,0,1,1990,1997,0,1,1,0,0,0,1,0,0,0,0,1,0,0,1,0,1,1,3,1,0,0,0,0,0,1,2.6672282218933105,4.905274868011475
343,42,,-2.2200000286102295,3.1489999294281006,149,7,142,0,1,0,1,1990,1997,0,1,1,0,0,0,1,0,0,0,0,1,0,0,1,0,1,1,3,1,0,0,0,0,0,1,2.6672282218933105,4.905274868011475
344,42,,-1.5640000104904175,3.1500000953674316,149,7,142,0,1,0,1,1990,1997,0,1,1,0,0,0,1,0,0,0,0,1,0,0,1,0,1,1,3,1,0,0,0,0,0,1,2.6672282218933105,4.905274868011475
345,42,,-2.25,2.936000108718872,149,8,141,0,1,0,1,1990,1997,0,1,1,0,0,0,1,0,0,0,0,1,0,0,1,0,1,1,4,1,0,0,0,0,0,1,2.6672282218933105,4.905274868011475
346,42,,-2.437999963760376,2.936000108718872,149,7,142,0,1,0,1,1990,1997,0,1,1,0,0,0,1,0,0,0,0,1,0,0,1,0,1,1,3,1,0,0,0,0,0,1,2.6672282218933105,4.905274868011475
347,43,,,1.7400000095367432,32,3,29,1,1,0,0,1991,1998,0,0,0,0,1,0,0,0,0,0,0,1,1,0,0,0,0,0,0,0,1,1,0,0,0,1,1.2237755060195923,2.5649492740631104
348,43,,,1.6399999856948853,32,4,28,1,1,0,0,1991,1998,0,0,0,0,1,0,0,0,0,0,0,1,1,0,0,0,0,0,0,0,1,2,0,0,0,1,1.2237755060195923,2.5649492740631104
349,43,,,1.2000000476837158,30,5,25,1,1,0,0,1991,1998,0,0,0,0,1,0,0,0,0,0,0,1,1,0,1,0,1,0,0,0,1,2,0,0,0,1,1.2237755060195923,2.5649492740631104
350,43,,,1.2100000381469727,30,6,24,1,1,0,0,1991,1998,0,0,0,0,1,0,0,0,0,0,0,1,1,0,1,0,1,0,0,0,1,3,0,0,0,1,1.2237755060195923,2.5649492740631104
351,43,,,1.0399999618530273,30,7,23,1,1,0,0,1991,1998,0,0,0,0,1,0,0,0,0,0,0,1,1,0,1,0,1,0,0,0,1,4,0,0,0,1,1.2237755060195923,2.5649492740631104
352,43,,,1.0299999713897705,30,8,22,1,1,0,0,1991,1998,0,0,0,0,1,0,0,0,0,0,0,1,1,0,1,0,1,0,0,0,1,4,0,0,0,1,1.2237755060195923,2.5649492740631104
353,43,,,-0.1599999964237213,30,9,21,1,1,0,0,1991,1998,0,0,0,0,1,0,0,0,0,0,0,1,1,0,1,0,1,1,1,1,1,4,0,0,0,1,1.2237755060195923,2.5649492740631104
354,45,,,4,400,10,390,1,1,1,0,1991,2006,0,0,0,1,0,1,0,0,0,0,0,1,0,0,1,0,1,1,2,0,1,1,0,0,0,0,0.0,0.0
355,46,,,4.46999979019165,442,29,413,1,1,1,1,1989,2005,0,0,0,1,0,1,0,0,0,0,0,1,0,0,0,0,0,0,0,0,0,0,0,0,0,0,0.0,0.0
356,46,,,5.869999885559082,442,29,413,1,1,1,0,1989,2005,1,0,1,1,0,1,0,0,0,0,0,1,0,0,0,0,0,0,0,0,0,0,0,0,0,0,0.0,0.0
357,46,,-2.309999942779541,,442,29,413,1,1,1,0,1989,2005,1,1,1,1,0,1,0,0,0,0,0,1,0,0,0,0,0,0,0,0,0,0,0,0,0,0,0.0,0.0
358,46,,3.015000104904175,,442,29,413,1,1,1,0,1989,2005,1,1,0,1,0,1,0,0,0,0,0,1,0,0,0,0,0,0,0,0,0,0,0,0,0,0,0.0,0.0
359,46,,2.5799999237060547,,442,29,413,1,1,1,0,1989,2005,1,1,0,1,0,1,0,0,0,0,0,1,0,0,0,0,0,0,0,0,0,0,0,0,0,0,0.0,0.0
360,47, , ,1.98259726,110,4,106,0,1,0,1,1991,2006,0,0,0,0,0,1,0,0,0,0,0,1,0,0,1,0,1,0,0,0,0,0,0,0,0,1,0.6931471805599453,1.791759469228055
361,47, , ,1.98326414,110,7,103,0,1,0,1,1991,2006,0,0,0,0,0,1,0,0,0,0,0,1,0,0,1,0,1,1,2,1,0,0,0,0,0,1,0.6931471805599453,1.791759469228055
362,47, , ,1.98326414,110,7,103,0,1,1,0,1991,2006,0,0,0,0,0,1,0,0,0,0,0,1,0,0,1,0,1,1,2,1,0,0,0,0,0,1,0.6931471805599453,1.791759469228055
363,47, , ,1.98326414,110,7,103,0,1,1,0,1991,2006,0,0,0,0,0,1,0,0,0,0,0,1,0,0,1,0,1,1,2,1,0,0,0,0,0,1,0.6931471805599453,1.791759469228055
364,47, ,1.96742837, ,326,7,319,0,1,1,0,1991,2006,0,0,0,0,0,1,0,0,0,0,0,1,0,0,1,0,1,1,2,1,0,0,0,0,0,1,0.6931471805599453,1.791759469228055
365,49, ,2, ,232,5,227,0,1,1,0,1995,2005,1,0,0,0,0,1,0,0,0,0,0,1,0,0,0,0,0,0,0,0,0,0,0,0,0,1,1.3862943611198906,2.5649493574615367
366,50, ,2.1788617886178865, ,249,35,214,1,1,1,1,1991,2001,1,0,0,1,0,1,0,0,0,0,0,1,0,0,0,0,0,0,0,0,0,0,0,0,0,1,1.4469189829363254,2.6390573296152584
367,50, ,3.1320754716981134, ,237,37,200,1,1,1,1,1991,2001,1,0,0,1,0,1,0,0,0,0,0,1,0,0,0,0,0,1,2,0,0,0,0,0,0,1,1.4469189829363254,2.6390573296152584
368,50, ,2.4125, ,249,35,214,1,1,0,1,1991,2001,1,0,0,1,0,1,0,0,0,0,0,1,0,0,0,0,0,0,0,0,0,0,0,0,0,1,1.4469189829363254,2.6390573296152584
369,50, ,11.72340425531915, ,244,35,209,1,1,1,1,1991,2001,1,1,0,1,0,1,0,0,0,0,0,1,0,0,0,0,0,0,0,0,0,0,0,0,0,1,1.4469189829363254,2.6390573296152584
370,50, , ,2.3295454545454546,73,29,44,1,1,1,1,1991,2001,1,0,0,1,0,1,0,0,0,0,0,1,0,0,0,0,0,0,0,0,0,0,0,0,0,1,1.4469189829363254,2.6390573296152584
371,50, ,1.8839285714285714, ,209,38,171,1,1,1,1,1991,2001,1,0,0,1,0,1,0,0,0,0,0,1,0,0,0,0,0,1,2,0,1,2,0,0,0,1,1.4469189829363254,2.6390573296152584
372,53, , ,3.62385088,150,4,146,1,1,1,0,1997,2007,1,0,0,0,0,1,0,0,0,0,0,1,0,0,0,0,0,1,2,1,0,0,0,0,0,1,0.0,0.0
373,53, , ,3.62444085,150,5,145,1,1,1,0,1997,2007,1,0,0,0,0,1,0,0,0,0,0,1,0,0,0,0,0,1,2,1,0,0,0,0,0,1,0.0,0.0
374,53,0,1.73997434, ,150,6,144,1,1,1,0,1997,2007,1,0,0,0,0,0,0,1,0,0,0,0,0,0,0,0,0,1,2,1,0,0,0,0,0,1,0.0,0.0
375,53,1, ,1.90327676,150,6,144,1,1,1,0,1997,2007,1,0,0,0,0,1,0,0,0,0,0,1,0,0,0,0,0,1,2,1,0,0,0,0,0,1,0.0,0.0
376,53, , ,3.62444085,150,5,145,1,1,1,0,1997,2007,1,0,0,0,0,1,0,0,0,0,0,1,0,0,0,0,0,1,2,1,1,1,0,0,0,1,0.0,0.0
377,53,0,0.28507391, ,150,7,143,1,1,1,0,1997,2007,1,0,0,0,0,0,0,1,0,0,0,0,0,0,0,0,0,1,2,1,1,1,0,0,0,1,0.0,0.0
378,53,1, ,2.03205075,150,7,143,1,1,1,0,1997,2007,1,0,0,0,0,1,0,0,0,0,0,1,0,0,0,0,0,1,2,1,1,1,0,0,0,1,0.0,0.0
379,53, , ,2.12861602,150,7,143,1,1,1,0,1997,2007,1,0,0,0,0,1,0,0,0,0,0,1,0,0,0,0,0,1,2,1,1,2,0,0,0,1,0.0,0.0
380,53,1,1.39237782, ,150,9,141,1,1,1,0,1997,2007,1,0,0,1,0,0,0,1,0,0,0,0,0,0,0,0,0,1,2,1,1,1,0,0,0,1,0.0,0.0
381,53,0, ,0.71141888,150,9,141,1,1,1,0,1997,2007,1,0,0,1,0,1,0,0,0,0,0,1,0,0,0,0,0,1,2,1,1,1,0,0,0,1,0.0,0.0
382,53,1,1.65098131, ,150,11,139,1,1,1,0,1997,2007,1,0,0,1,0,0,0,1,0,0,0,0,0,0,0,0,0,1,2,1,1,1,0,0,0,1,0.0,0.0
383,53,0, ,0.94362222,150,11,139,1,1,1,0,1997,2007,1,0,0,1,0,1,0,0,0,0,0,1,0,0,0,0,0,1,2,1,1,1,0,0,0,1,0.0,0.0
384,53,1,1.78178299, ,150,13,137,1,1,1,0,1997,2007,1,0,0,1,0,0,0,1,0,0,0,0,0,0,0,0,0,1,2,1,1,1,0,0,0,1,0.0,0.0
385,53,0, ,0.82465676,150,13,137,1,1,1,0,1997,2007,1,0,0,1,0,1,0,0,0,0,0,1,0,0,0,0,0,1,2,1,1,1,0,0,0,1,0.0,0.0
386,54, , ,1.41,39,9,30,1,1,0,0,1996,2007,0,0,0,0,0,1,0,0,0,0,0,1,0,0,0,0,0,1,2,1,0,0,1,2,0,0,1.1631508098056809,2.4849066497880004
387,54, , ,1.01,40,5,35,1,1,0,0,1996,2007,0,0,0,0,0,1,0,0,0,0,0,1,0,0,0,0,0,0,0,0,0,0,1,2,0,0,1.1631508098056809,2.4849066497880004
388,54, , ,0.54,40,5,35,1,1,0,0,1996,2007,0,0,0,0,0,1,0,0,0,0,0,1,0,0,0,0,0,1,1,1,0,0,1,1,0,0,1.1631508098056809,2.4849066497880004
389,54, , ,2.64,40,4,36,1,1,0,0,1996,2007,0,0,0,0,0,1,0,0,0,0,0,1,0,0,0,0,0,0,0,0,0,0,1,2,0,0,1.1631508098056809,2.4849066497880004
390,54, , ,1.96,40,4,36,1,1,0,0,1996,2007,0,0,0,0,0,1,0,0,0,0,0,1,0,0,0,0,0,1,1,1,0,0,1,1,0,0,1.1631508098056809,2.4849066497880004
391,54, , ,0.12,40,4,36,1,1,0,0,1996,2007,0,0,0,0,0,1,0,0,0,0,0,1,0,0,0,0,0,1,1,1,0,0,0,0,0,0,1.1631508098056809,2.4849066497880004
392,55,0, ,-2.062,306,33,273,1,1,0,1,1993,2006,1,0,0,0,0,1,0,0,0,0,1,0,0,0,1,0,1,1,1,1,0,0,1,1,0,1,0.0,0.0
393,55,0, ,-4.432,306,33,273,1,1,0,1,1993,2006,1,0,0,0,0,1,0,0,0,0,1,0,0,0,1,0,1,1,1,1,0,0,1,1,0,1,0.0,0.0
394,55,0, ,-2.597,306,46,260,1,1,0,1,1993,2006,1,0,0,1,0,1,0,0,0,0,1,0,0,0,1,0,1,1,1,1,0,0,1,1,0,1,0.0,0.0
395,55,0, ,-4.897,306,46,260,1,1,0,1,1993,2006,1,0,0,1,0,1,0,0,0,0,1,0,0,0,1,0,1,1,1,1,0,0,1,1,0,1,0.0,0.0
396,55,0, ,1.931,306,34,272,1,1,0,1,1993,2006,1,0,0,0,0,0,0,1,0,0,0,0,0,0,1,0,1,1,1,1,0,0,1,1,0,1,0.0,0.0
397,55,0, ,2.223,306,34,272,1,1,0,1,1993,2006,1,0,0,0,0,0,0,1,0,0,0,0,0,0,1,0,1,1,1,1,0,0,1,1,0,1,0.0,0.0
398,55,0, ,-0.568,306,47,259,1,1,0,1,1993,2006,1,0,0,1,0,0,0,1,0,0,0,0,0,0,1,0,1,1,1,1,0,0,1,1,0,1,0.0,0.0
399,55,0, ,1.728,306,47,259,1,1,0,1,1993,2006,1,0,0,1,0,0,0,1,0,0,0,0,0,0,1,0,1,1,1,1,0,0,1,1,0,1,0.0,0.0
400,55,0, ,-3.163,306,33,273,1,1,1,1,1993,2006,1,0,0,0,0,1,0,0,0,0,1,0,0,0,1,0,1,1,1,1,0,0,1,1,0,1,0.0,0.0
401,55,0, ,-2.257,306,46,260,1,1,1,1,1993,2006,1,0,0,1,0,1,0,0,0,0,1,0,0,0,1,0,1,1,1,1,0,0,1,1,0,1,0.0,0.0
402,55,0, ,1.706,306,34,272,1,1,1,1,1993,2006,1,0,0,0,0,0,0,1,0,0,0,0,0,0,1,0,1,1,1,1,0,0,1,1,0,1,0.0,0.0
403,55,0, ,1.664,306,47,259,1,1,1,1,1993,2006,1,0,0,1,0,0,0,1,0,0,0,0,0,0,1,0,1,1,1,1,0,0,1,1,0,1,0.0,0.0
404,60, , ,-1.08,51,13,38,0,1,0,0,1990,2008,0,0,0,1,0,0,0,1,0,0,0,0,0,0,1,0,1,1,1,0,1,3,1,1,0,0,0.5877866649021191,1.6094379124341003
405,60, , ,-1.11,51,14,37,0,1,0,0,1990,2008,0,0,0,1,0,0,0,1,0,0,0,0,0,0,1,0,2,1,1,0,1,3,1,1,0,0,0.5877866649021191,1.6094379124341003
406,60, , ,-1.05,51,14,37,0,1,0,0,1990,2008,0,0,0,1,0,0,0,1,0,0,0,0,0,0,1,0,1,1,1,0,1,4,1,1,0,0,0.5877866649021191,1.6094379124341003
407,60, , ,-0.27,37,14,23,0,1,0,0,1990,2008,0,0,0,1,0,0,0,1,0,0,0,0,0,0,1,0,1,1,1,0,1,5,1,1,0,0,0.5877866649021191,1.6094379124341003
408,61, ,2.4, ,166,23,143,1,1,0,1,1991,2005,0,0,0,0,0,0,0,1,0,0,0,0,0,0,0,0,0,1,2,1,1,1,1,1,0,1,0.9555114450274363,2.1972245773362196
409,61, ,2.653846153846154, ,166,23,143,1,1,1,1,1991,2005,0,0,0,0,0,0,0,1,0,0,0,0,0,0,0,0,0,1,2,1,1,1,1,1,0,1,0.9555114450274363,2.1972245773362196
410,61, ,1.8333333333333335, ,165,24,141,1,1,1,1,1991,2005,1,0,0,0,0,0,0,1,0,0,0,0,0,0,0,0,0,1,2,1,1,1,1,1,0,1,0.9555114450274363,2.1972245773362196
411,61, ,1.4545454545454546, ,165,24,141,1,1,1,1,1991,2005,1,0,0,0,0,0,0,1,0,0,0,0,0,0,0,0,0,1,2,1,1,1,1,1,0,1,0.9555114450274363,2.1972245773362196
412,61, ,1.8095238095238093, ,166,24,142,1,1,1,1,1991,2005,0,0,0,0,0,0,0,1,0,0,0,0,0,0,1,0,1,1,2,1,1,1,1,1,0,1,0.9555114450274363,2.1972245773362196
413,61, ,2.9199999999999995, ,166,25,141,1,1,1,1,1991,2005,0,0,0,0,0,0,0,1,0,0,0,0,0,0,1,1,2,1,2,1,1,1,1,1,0,1,0.9555114450274363,2.1972245773362196
414,61, ,2.8181818181818183, ,166,25,141,1,1,1,1,1991,2005,0,0,0,0,0,0,0,1,0,0,0,0,0,0,1,0,2,1,2,1,1,1,1,1,0,1,0.9555114450274363,2.1972245773362196
415,61,0,3.117647058823529, ,166,23,143,1,1,1,1,1991,2005,0,0,0,0,0,0,0,1,0,0,0,0,0,0,1,0,0,1,2,1,0,0,1,1,0,1,0.9555114450274363,2.1972245773362196
416,61,0,1.5, ,166,24,142,1,1,1,1,1991,2005,0,0,0,0,0,0,0,1,0,0,0,0,0,0,1,0,1,1,2,1,0,0,1,1,0,1,0.9555114450274363,2.1972245773362196
417,61,0,2.7142857142857144, ,166,25,141,1,1,1,1,1991,2005,0,0,0,0,0,0,0,1,0,0,0,0,0,0,1,1,2,1,2,1,0,0,1,1,0,1,0.9555114450274363,2.1972245773362196
418,61,0,2.4444444444444446, ,166,25,141,1,1,1,1,1991,2005,0,0,0,0,0,0,0,1,0,0,0,0,0,0,1,0,2,1,2,1,0,0,1,1,0,1,0.9555114450274363,2.1972245773362196
419,61,1,-3.097844112769486, ,166,23,143,1,1,1,1,1991,2005,0,1,0,0,0,1,0,0,0,0,0,1,0,0,1,0,0,1,2,1,0,0,1,1,0,1,0.9555114450274363,2.1972245773362196
420,61,1,-1.799920286966919, ,166,24,142,1,1,1,1,1991,2005,0,1,0,0,0,1,0,0,0,0,0,1,0,0,1,0,1,1,2,1,0,0,1,1,0,1,0.9555114450274363,2.1972245773362196
421,61,1,-2.4722604309949565, ,166,25,141,1,1,1,1,1991,2005,0,1,0,0,0,1,0,0,0,0,0,1,0,0,1,1,2,1,2,1,0,0,1,1,0,1,0.9555114450274363,2.1972245773362196
422,61,1,-2.4643206256109482, ,166,25,141,1,1,1,1,1991,2005,0,1,0,0,0,1,0,0,0,0,0,1,0,0,1,0,2,1,2,1,0,0,1,1,0,1,0.9555114450274363,2.1972245773362196
423,61, ,6.333333333333333, ,140,23,117,1,1,0,1,1995,2005,0,0,0,0,0,0,0,1,0,0,0,0,0,0,0,0,0,1,2,1,1,1,1,1,0,1,0.9555114450274363,2.1972245773362196
424,61, ,5.894736842105264, ,140,23,117,1,1,1,1,1995,2005,0,0,0,0,0,0,0,1,0,0,0,0,0,0,0,0,0,1,2,1,1,1,1,1,0,1,0.9555114450274363,2.1972245773362196
425,61, ,1.7878787878787876, ,152,24,128,1,1,1,1,1991,2005,1,0,0,0,0,0,0,1,0,0,0,0,0,0,0,0,0,1,2,1,1,1,1,1,0,1,0.9555114450274363,2.1972245773362196
426,61, ,1.2894736842105263, ,152,24,128,1,1,1,1,1991,2005,1,0,0,0,0,0,0,1,0,0,0,0,0,0,0,0,0,1,2,1,1,1,1,1,0,1,0.9555114450274363,2.1972245773362196
427,63, ,1.0330303, ,88,15,73,1,1,0,1,2000,2008,0,0,0,0,0,0,0,1,0,0,0,0,0,0,0,0,0,0,0,0,0,0,1,2,0,1,0.0,0.0
428,63, ,0.22065938, ,87,17,70,1,1,0,1,2000,2008,0,0,0,0,0,0,0,1,0,0,0,0,0,0,0,0,0,1,1,1,0,0,1,2,0,1,0.0,0.0
429,63, ,1.37904544, ,77,17,60,1,1,0,1,2000,2008,0,0,0,0,0,0,0,1,0,0,0,0,0,0,0,0,0,1,1,1,0,0,1,2,0,1,0.0,0.0
430,63, ,0.1489772, ,87,17,70,1,1,0,1,2000,2008,0,0,0,0,0,0,0,1,0,0,0,0,0,0,0,0,0,1,1,1,0,0,1,2,0,1,0.0,0.0
431,64, ,0.12, ,161,40,121,1,1,0,1,1996,2009,0,0,0,0,0,1,0,0,0,0,0,1,0,0,0,0,0,1,1,1,1,1,1,1,0,1,0.0,0.0
432,64, ,1.01, ,127,40,87,1,1,0,1,1996,2009,0,0,0,0,0,1,0,0,0,0,0,1,0,0,0,0,0,1,1,1,1,1,1,1,0,1,0.0,0.0
433,64, ,-1.27, ,131,40,91,1,1,0,1,1996,2009,0,0,0,0,0,1,0,0,0,0,0,1,0,0,0,0,0,1,1,1,1,1,1,1,0,1,0.0,0.0
434,64, ,3.02, ,52,40,12,1,1,0,1,1996,2009,0,0,0,0,0,1,0,0,0,0,0,1,0,0,0,0,0,1,1,1,1,1,1,1,0,1,0.0,0.0
435,64, ,0.09, ,147,40,107,1,1,0,1,1996,2009,0,0,0,0,0,1,0,0,0,0,0,1,0,0,0,0,0,1,1,1,1,1,1,1,0,1,0.0,0.0
436,65, ,2.036649214659686, ,108,2,106,1,0,0,1,1989,2007,0,0,0,0,0,1,0,0,0,0,1,0,0,0,0,0,0,0,0,0,0,0,0,0,0,0,0.7884573603642703,1.9459101490553132
443,66, , ,0.98,100,36,64,1,1,0,1,1989,2008,1,0,0,1,0,1,0,0,0,0,0,1,0,0,0,0,0,1,1,1,1,4,1,1,0,1,0.8472978603872034,1.6094379124341003
444,66, , ,1.05,100,33,67,1,1,0,1,1989,2008,1,0,0,1,0,1,0,0,0,0,0,1,0,0,0,0,0,1,1,1,1,1,1,1,0,1,0.8472978603872034,1.6094379124341003
451,66, ,,4.03,442,46,396,1,1,0,1,1989,2008,1,0,0,1,0,1,0,0,0,0,0,1,0,0,0,0,0,0,0,0,1,1,0,0,0,1,0.8472978603872034,1.6094379124341003
452,66, ,,3.68,440,49,391,1,1,0,1,1989,2008,1,0,0,1,0,1,0,0,0,0,0,1,0,0,0,0,0,1,1,1,1,1,1,1,0,1,0.8472978603872034,1.6094379124341003
459,66, ,,3.87,442,47,395,1,1,0,1,1989,2008,1,0,0,1,0,1,0,0,0,0,0,1,0,0,0,0,0,0,0,0,1,2,0,0,0,1,0.8472978603872034,1.6094379124341003
460,66, ,,3.52,440,50,390,1,1,0,1,1989,2008,1,0,0,1,0,1,0,0,0,0,0,1,0,0,0,0,0,1,1,1,1,2,1,1,0,1,0.8472978603872034,1.6094379124341003
465,66, ,,3.58,442,49,393,1,1,0,1,1989,2008,1,0,0,1,0,1,0,0,0,0,0,1,0,0,0,0,0,0,0,0,1,4,0,0,0,1,0.8472978603872034,1.6094379124341003
466,66, ,,3.39,440,52,388,1,1,0,1,1989,2008,1,0,0,1,0,1,0,0,0,0,0,1,0,0,0,0,0,1,1,1,1,4,1,1,0,1,0.8472978603872034,1.6094379124341003
467,67, ,0.7, ,148,31,117,1,1,0,1,1991,2003,0,0,0,1,0,0,0,1,0,0,0,0,0,0,0,0,0,1,2,1,0,0,1,1,0,1,0.5596157879354227,1.3862943611198906
468,67, ,1.9444444444444444, ,144,32,112,1,1,0,1,1991,2003,0,0,0,1,0,0,0,1,0,0,0,0,0,0,0,0,0,1,3,1,0,0,1,1,0,1,0.5596157879354227,1.3862943611198906
469,67, ,0.6076923076923076, ,148,31,117,1,1,0,1,1991,2003,0,0,0,1,0,0,0,1,0,0,0,0,0,0,0,0,0,1,2,1,0,0,1,1,0,1,0.5596157879354227,1.3862943611198906
470,67, ,2.166666666666667, ,144,32,112,1,1,0,1,1991,2003,0,0,0,1,0,0,0,1,0,0,0,0,0,0,0,0,0,1,3,1,0,0,1,1,0,1,0.5596157879354227,1.3862943611198906
471,67, ,1.5058823529411764, ,128,31,97,1,1,0,1,1991,2003,0,0,0,1,0,0,0,1,0,0,0,0,0,0,0,0,0,1,2,1,0,0,1,1,0,1,0.5596157879354227,1.3862943611198906
472,67, ,2.6333333333333333, ,126,32,94,1,1,0,1,1991,2003,0,0,0,1,0,0,0,1,0,0,0,0,0,0,0,0,0,1,3,1,0,0,1,1,0,1,0.5596157879354227,1.3862943611198906
473,67, ,1.5363636363636364, ,128,31,97,1,1,0,1,1991,2003,0,0,0,1,0,0,0,1,0,0,0,0,0,0,0,0,0,1,2,1,0,0,1,1,0,1,0.5596157879354227,1.3862943611198906
474,67, ,2.54, ,126,32,94,1,1,0,1,1991,2003,0,0,0,1,0,0,0,1,0,0,0,0,0,0,0,0,0,1,3,1,0,0,1,1,0,1,0.5596157879354227,1.3862943611198906
475,69, , ,2.38,25,5,20,1,0,0,0,1989,1998,0,0,0,0,0,1,0,0,0,0,0,1,0,0,1,0,1,1,1,1,0,0,0,0,0,1,0.8754687373538999,2.0794415416798357
476,69, , ,2.94,25,5,20,1,0,0,0,1989,2001,0,0,0,0,0,1,0,0,0,0,0,1,0,0,1,0,1,1,1,1,0,0,0,0,0,1,0.8754687373538999,2.0794415416798357
477,69, , ,2.02,25,5,20,1,0,0,0,1989,2004,0,0,0,0,0,1,0,0,0,0,0,1,0,0,1,0,1,1,1,1,0,0,0,0,0,1,0.8754687373538999,2.0794415416798357
478,69, , ,2.42,25,5,20,1,0,0,0,1989,2007,0,0,0,0,0,1,0,0,0,0,0,1,0,0,1,0,1,1,1,1,0,0,0,0,0,1,0.8754687373538999,2.0794415416798357
