idstudy,e,se,t,prec,longr,pubdate,cs,tscs,usdata,csection
1,-0.043,0.16412213740458012,-0.262,6.0930232558139545,0,1988,0,0,0,0
1,-0.178,0.38279569892473114,-0.465,2.612359550561798,0,1988,0,0,0,0
1,-0.243,0.3838862559241706,-0.633,2.6049382716049383,0,1988,0,0,0,0
2,-0.446,0.084,-5.309523809523809,11.904761904761903,0,1980,0,1,1,1
2,-0.394,0.098,-4.020408163265306,10.204081632653061,0,1980,0,1,1,1
2,-0.461,0.13,-3.546153846153846,7.692307692307692,0,1980,0,1,1,1
2,-0.396,0.13,-3.046153846153846,7.692307692307692,0,1980,0,1,1,1
2,-0.428,0.131,-3.2671755725190836,7.633587786259541,0,1980,0,1,1,1
2,-0.472,0.30799999999999994,-1.5324675324675328,3.246753246753247,0,1980,0,1,1,1
2,-0.43,0.308,-1.396103896103896,3.2467532467532467,0,1980,0,1,1,1
2,-0.394,0.30800000000000005,-1.279220779220779,3.2467532467532463,0,1980,0,1,1,1
3,-0.418,0.132,-3.1666666666666665,7.575757575757575,0,1981,0,1,1,1
4,-0.9,0.03082191780821918,-29.2,32.44444444444444,1,1983,0,1,0,1
4,-0.63,0.04772727272727273,-13.2,20.952380952380953,1,1983,0,1,0,1
4,-0.62,0.049999999999999996,-12.4,20.0,1,1983,0,1,0,1
4,-0.61,0.05213675213675214,-11.7,19.18032786885246,1,1983,0,1,0,1
4,-0.59,0.053636363636363635,-11.0,18.64406779661017,1,1983,0,1,0,1
4,-0.59,0.053636363636363635,-11.0,18.64406779661017,1,1983,0,1,0,1
4,-0.55,0.06875,-8.0,14.545454545454545,1,1983,0,1,0,1
5,-0.24,0.020689655172413793,-11.6,48.333333333333336,1,1997,0,1,0,1
5,-0.44,0.039927404718693285,-11.02,25.045454545454547,1,1997,0,1,0,1
5,-0.5,0.04,-12.5,25.0,1,1997,0,1,0,1
5,-0.3,0.04,-7.5,25.0,1,1997,0,1,0,1
5,-0.56,0.0823529411764706,-6.8,12.14285714285714,1,1997,0,1,0,1
5,-0.86,0.11315789473684211,-7.6,8.837209302325581,1,1997,0,1,0,1
5,-1.42,0.1595505617977528,-8.9,6.267605633802818,1,1997,0,1,0,1
5,-1.42,0.16136363636363635,-8.8,6.19718309859155,1,1997,0,1,0,1
5,-1.39,0.16547619047619047,-8.4,6.0431654676259,1,1997,0,1,0,1
5,-0.57,0.1716867469879518,-3.32,5.824561403508772,1,1997,0,0,0,0
5,-0.4,0.2,-2.0,5.0,1,1997,0,0,0,0
5,-0.71,0.23509933774834435,-3.02,4.253521126760564,1,1997,0,0,0,0
5,-0.68,0.37362637362637363,-1.82,2.676470588235294,1,1997,0,0,0,0
5,-0.96,0.4,-2.4,2.5,1,1997,0,1,0,1
5,-0.07,0.00948509485094851,-7.38,105.42857142857142,0,1997,0,1,0,1
5,-0.08,0.01,-8.0,100.0,0,1997,0,1,0,1
5,-0.09,0.010514018691588784,-8.56,95.11111111111111,0,1997,0,1,0,1
5,-0.11,0.011554621848739496,-9.52,86.54545454545455,0,1997,0,1,0,1
5,-0.23,0.017597551644988524,-13.07,56.826086956521735,0,1997,0,1,0,1
5,-0.23,0.01780185758513932,-12.92,56.17391304347826,0,1997,0,1,0,1
5,-0.2,0.01785714285714286,-11.2,55.99999999999999,0,1997,0,1,0,1
5,-0.17,0.01787592008412198,-9.51,55.941176470588225,0,1997,0,1,0,1
5,-0.15,0.021398002853067047,-7.01,46.733333333333334,0,1997,0,0,0,0
5,-0.2,0.02252252252252252,-8.88,44.4,0,1997,0,1,0,1
5,-0.29,0.039509536784741145,-7.339999999999999,25.310344827586206,0,1997,0,1,0,1
5,-0.15,0.042134831460674156,-3.56,23.733333333333334,0,1997,0,0,0,0
5,-0.15,0.0746268656716418,-2.01,13.399999999999999,0,1997,0,0,0,0
5,-0.17,0.08854166666666667,-1.92,11.294117647058822,0,1997,0,0,0,0
6,-0.414,0.10894736842105263,-3.8,9.178743961352657,1,1994,0,0,0,0
6,-0.84,0.47,-1.7872340425531916,2.127659574468085,1,1994,0,0,0,0
6,-0.27,0.12,-2.2500000000000004,8.333333333333334,0,1994,0,0,0,0
6,-0.32,0.1592039800995025,-2.01,6.281249999999999,0,1994,0,0,0,0
7,-0.646,0.14681818181818182,-4.4,6.811145510835913,1,1985,0,1,0,1
7,-0.171,0.06404494382022473,-2.67,15.614035087719296,0,1985,0,0,0,0
7,-0.236,0.0732919254658385,-3.22,13.644067796610171,0,1985,0,0,0,0
8,-0.075,0.013,-5.769230769230769,76.92307692307692,0,1982,0,1,1,1
8,-0.0657,0.0169,-3.8875739644970415,59.1715976331361,0,1982,0,1,1,1
8,-0.1739,0.0352,-4.940340909090909,28.409090909090907,0,1982,0,1,1,1
8,-0.5256,0.0668,-7.868263473053892,14.970059880239521,0,1982,0,1,1,1
8,-0.122,0.09854604200323101,-1.238,10.147540983606557,0,1982,0,1,1,1
10,-0.358,0.06624722427831235,-5.404000000000001,15.094972067039109,1,1978,0,1,0,1
10,-1.048,0.14369943781708489,-7.293,6.958969465648854,1,1978,0,1,1,1
10,-0.46,0.32303370786516855,-1.424,3.0956521739130434,1,1978,0,1,0,1
10,-0.442,0.2596944770857814,-1.7020000000000002,3.8506787330316743,0,1978,0,0,1,0
11,-0.442,0.2596944770857814,-1.7020000000000002,3.8506787330316743,0,1979,0,0,1,0
12,-0.98,0.10594594594594595,-9.25,9.438775510204081,1,1982,0,1,0,1
12,-0.13,0.020155038759689922,-6.45,49.61538461538461,0,1982,0,1,0,1
12,-0.2,0.030674846625766874,-6.52,32.599999999999994,0,1982,0,1,0,1
13,-0.82,0.0863157894736842,-9.5,11.585365853658537,1,1984,0,0,0,0
13,-0.89,0.11410256410256411,-7.799999999999999,8.764044943820224,1,1984,0,0,0,0
13,-0.58,0.12083333333333333,-4.8,8.275862068965518,1,1984,0,0,0,0
13,-0.82,0.14909090909090908,-5.5,6.707317073170732,1,1984,0,0,0,0
13,-0.7,0.19444444444444442,-3.6,5.142857142857143,1,1984,0,0,1,0
13,-0.55,0.19642857142857145,-2.8,5.09090909090909,1,1984,0,0,0,0
13,-0.73,0.20277777777777778,-3.6,4.931506849315069,1,1984,0,0,1,0
13,-1.2,0.2727272727272727,-4.4,3.666666666666667,1,1984,0,0,0,0
13,-0.62,0.2818181818181818,-2.2,3.548387096774194,1,1984,0,0,0,0
13,-0.44,0.036065573770491806,-12.2,27.727272727272727,0,1984,0,0,0,0
13,-0.35,0.03723404255319149,-9.4,26.857142857142858,0,1984,0,0,1,0
13,-0.32,0.037647058823529415,-8.5,26.562499999999996,0,1984,0,0,1,0
13,-0.28,0.04745762711864407,-5.9,21.07142857142857,0,1984,0,0,0,0
13,-0.24,0.04897959183673469,-4.9,20.416666666666668,0,1984,0,0,0,0
13,-0.53,0.06973684210526317,-7.6,14.339622641509433,0,1984,0,0,0,0
13,-0.41,0.0706896551724138,-5.8,14.146341463414634,0,1984,0,0,0,0
13,-0.57,0.07307692307692307,-7.800000000000001,13.684210526315791,0,1984,0,0,0,0
13,-0.52,0.07536231884057971,-6.8999999999999995,13.269230769230768,0,1984,0,0,0,0
14,-0.2095,0.052757491815663554,-3.9710000000000005,18.954653937947498,0,1993,0,1,0,1
15,-0.463,0.05302336234539625,-8.732,18.85961123110151,1,1995,0,0,0,0
15,-0.372,0.048130417906585586,-7.729,20.776881720430108,0,1995,0,0,0,0
16,-0.734,0.1,-7.34,10.0,1,1983,0,1,0,1
16,-0.364,0.1,-3.6399999999999997,10.0,0,1983,0,1,0,1
18,-0.023,0.012,-1.9166666666666665,83.33333333333333,0,1974,0,1,1,1
18,-0.075,0.013,-5.769230769230769,76.92307692307692,0,1974,0,1,1,1
18,-0.081,0.013,-6.230769230769231,76.92307692307692,0,1974,0,1,1,1
18,-0.075,0.013,-5.769230769230769,76.92307692307692,0,1974,0,1,1,1
18,-0.121,0.016,-7.5625,62.5,0,1974,0,1,1,1
19,-0.82,0.185,-4.4324324324324325,5.405405405405405,1,1974,0,1,0,1
19,-0.465,0.105,-4.428571428571429,9.523809523809524,0,1974,0,1,0,1
20,-0.62,0.05893536121673004,-10.52,16.96774193548387,0,1978,0,1,0,1
20,-0.22,0.06267806267806268,-3.51,15.954545454545453,0,1978,0,1,0,1
20,-0.21,0.08974358974358974,-2.34,11.142857142857142,0,1978,0,1,0,1
20,-0.18,0.09090909090909091,-1.98,11.0,0,1978,0,1,0,1
20,0.08,0.0975609756097561,0.82,10.25,0,1978,0,1,0,1
20,-0.02,0.16666666666666669,-0.12,5.999999999999999,0,1978,0,1,0,1
20,-0.11,0.18333333333333335,-0.6,5.454545454545454,0,1978,0,1,0,1
20,-0.11,0.21153846153846154,-0.52,4.7272727272727275,0,1978,0,1,0,1
20,-0.96,1.054945054945055,-0.9099999999999999,0.9479166666666666,0,1978,0,1,0,1
21,-1.59,0.33799999999999997,-4.70414201183432,2.958579881656805,1,1980,0,1,1,1
21,-0.0657,0.0169,-3.8875739644970415,59.1715976331361,0,1980,0,1,1,1
22,-0.149,0.0298,-5.0,33.557046979865774,0,1985,0,1,1,1
22,-0.199,0.030151515151515155,-6.6,33.16582914572864,0,1985,0,1,1,1
22,-0.106,0.03925925925925926,-2.7,25.471698113207548,0,1985,0,1,1,1
22,-0.32,0.05333333333333334,-6.0,18.75,0,1985,0,1,1,1
22,-0.321,0.06173076923076923,-5.2,16.1993769470405,0,1985,0,1,1,1
23,-0.289,0.1482051282051282,-1.9499999999999997,6.747404844290657,1,1978,0,1,1,1
24,-0.319,0.0820051413881748,-3.89,12.194357366771161,1,1999,0,0,0,0
24,-0.209,0.05842885099245177,-3.577,17.114832535885167,0,1999,0,0,0,0
25,-0.65,0.36,-1.8055555555555556,2.7777777777777777,1,1975,1,0,1,1
25,-0.74,0.41,-1.8048780487804879,2.4390243902439024,1,1975,1,0,1,1
26,-0.33,0.165,-2.0,6.0606060606060606,1,1979,0,0,1,0
26,-0.21,0.105,-2.0,9.523809523809524,0,1979,0,0,1,0
29,-0.77,0.18032786885245905,-4.27,5.545454545454544,1,1991,1,0,0,1
29,-0.91,0.18958333333333335,-4.8,5.274725274725274,1,1991,1,0,0,1
29,-1.25,0.2003205128205128,-6.24,4.992000000000001,1,1991,1,0,0,1
29,-1.08,0.20338983050847462,-5.31,4.916666666666666,1,1991,1,0,0,1
29,-0.78,0.2058047493403694,-3.79,4.858974358974359,1,1991,1,0,0,1
29,-0.95,0.2087912087912088,-4.55,4.7894736842105265,1,1991,1,0,0,1
29,-1.05,0.2196652719665272,-4.78,4.552380952380952,1,1991,1,0,0,1
29,-1.19,0.22537878787878785,-5.28,4.436974789915967,1,1991,1,0,0,1
29,-1.2,0.23529411764705882,-5.1,4.25,1,1991,1,0,0,1
29,-1.14,0.23553719008264462,-4.84,4.245614035087719,1,1991,1,0,0,1
29,-0.87,0.23577235772357724,-3.69,4.241379310344827,1,1991,1,0,0,1
29,-1.34,0.23758865248226954,-5.64,4.208955223880596,1,1991,1,0,0,1
29,-1.2,0.2434077079107505,-4.93,4.108333333333333,1,1991,1,0,0,1
29,-0.98,0.25,-3.92,4.0,1,1991,1,0,0,1
29,-1.27,0.258130081300813,-4.92,3.8740157480314963,1,1991,1,0,0,1
29,-1.13,0.26096997690531176,-4.33,3.8318584070796464,1,1991,1,0,0,1
29,-0.18,0.01764705882352941,-10.2,56.666666666666664,0,1991,0,1,0,1
29,-0.15,0.019230769230769232,-7.799999999999999,52.0,0,1991,0,1,0,1
29,-0.18,0.01956521739130435,-9.2,51.11111111111111,0,1991,0,1,0,1
29,-0.15,0.023076923076923075,-6.5,43.333333333333336,0,1991,0,1,0,1
29,-0.15,0.023809523809523808,-6.3,42.0,0,1991,0,1,0,1
29,-0.14,0.027450980392156866,-5.1,36.42857142857142,0,1991,0,1,0,1
29,-0.14,0.02916666666666667,-4.8,34.28571428571428,0,1991,0,1,0,1
29,-0.2,0.030303030303030307,-6.6,32.99999999999999,0,1991,0,1,0,1
29,-0.19,0.03064516129032258,-6.2,32.631578947368425,0,1991,0,1,0,1
29,-0.25,0.03164556962025316,-7.900000000000001,31.600000000000005,0,1991,0,1,0,1
29,-0.13,0.0325,-4.0,30.769230769230766,0,1991,0,1,0,1
29,-0.25,0.03333333333333333,-7.5,30.0,0,1991,0,1,0,1
29,-0.17,0.038636363636363635,-4.4,25.88235294117647,0,1991,0,1,0,1
29,-0.3,0.04411764705882353,-6.799999999999999,22.666666666666664,0,1991,0,1,0,1
29,-0.29,0.04677419354838709,-6.2,21.379310344827587,0,1991,0,1,0,1
29,-0.29,0.05178571428571428,-5.6,19.31034482758621,0,1991,0,1,0,1
29,-0.3,0.07692307692307693,-3.8999999999999995,13.0,0,1991,0,1,0,1
29,-0.18,0.09999999999999999,-1.8,10.0,0,1991,0,1,0,1
31,-0.25,0.0573394495412844,-4.36,17.44,0,1983,0,0,0,0
32,-0.7767,0.3922727272727273,-1.9799999999999998,2.549246813441483,1,1985,0,0,1,0
32,-0.1923,0.09761421319796955,-1.97,10.244409776391056,0,1985,0,0,1,0
33,-0.7,0.14553014553014554,-4.81,6.871428571428571,1,1982,1,0,0,1
34,-0.43,0.08431372549019608,-5.1,11.86046511627907,1,1991,0,0,0,0
34,-0.3,0.0967741935483871,-3.1,10.333333333333334,1,1991,0,0,0,0
34,-0.29,0.10357142857142856,-2.8,9.655172413793105,1,1991,0,0,0,0
34,-0.47,0.10930232558139534,-4.3,9.148936170212767,1,1991,0,0,0,0
34,-0.72,0.1411764705882353,-5.1,7.083333333333333,1,1991,0,0,1,0
34,-0.56,0.16969696969696973,-3.2999999999999994,5.8928571428571415,1,1991,0,0,1,0
35,-0.6331,0.0687,-9.215429403202329,14.55604075691412,1,2011,0,0,0,0
35,-0.3254,0.122,-2.6672131147540985,8.19672131147541,1,2011,0,0,0,0
36,-0.292,0.11679999999999999,-2.5,8.56164383561644,1,2010,0,1,0,1
36,-0.104,0.13866666666666666,-0.75,7.211538461538462,0,2010,0,1,0,1
37,-0.331,0.144,-2.2986111111111116,6.944444444444445,1,2010,0,1,1,1
37,-0.545,0.209,-2.607655502392345,4.784688995215311,1,2010,0,1,1,1
38,-0.314,0.05,-6.279999999999999,20.0,1,2010,0,1,0,1
38,-0.84,0.046,-18.26086956521739,21.73913043478261,1,2010,0,1,0,1
38,-0.36,0.085,-4.235294117647058,11.76470588235294,1,2010,0,1,0,1
38,-0.316,0.105,-3.0095238095238095,9.523809523809524,1,2010,0,1,0,1
38,-0.408,0.142,-2.8732394366197185,7.042253521126761,1,2010,0,1,0,1
38,-0.416,0.308,-1.3506493506493507,3.2467532467532467,1,2010,0,1,0,1
38,-0.37,0.37,-1.0,2.7027027027027026,1,2010,0,1,0,1
38,-0.591,0.388,-1.5231958762886597,2.5773195876288657,1,2010,0,1,0,1
38,-0.122,0.02,-6.1,50.0,0,2010,0,1,0,1
38,-0.029,0.022,-1.3181818181818183,45.45454545454546,0,2010,0,1,0,1
38,-0.031,0.023,-1.3478260869565217,43.47826086956522,0,2010,0,1,0,1
38,-0.042,0.027,-1.5555555555555556,37.03703703703704,0,2010,0,1,0,1
38,-0.106,0.029,-3.655172413793103,34.48275862068965,0,2010,0,1,0,1
38,-0.09,0.03,-3.0,33.333333333333336,0,2010,0,1,0,1
38,-0.102,0.031,-3.290322580645161,32.25806451612903,0,2010,0,1,0,1
38,-0.169,0.039,-4.333333333333334,25.641025641025642,0,2010,0,1,0,1
38,-0.19,0.045,-4.222222222222222,22.22222222222222,0,2010,0,1,0,1
39,-0.055,0.027679919476597883,-1.9870000000000003,36.12727272727273,0,2010,0,0,0,0
40,-0.118,0.015,-7.866666666666666,66.66666666666667,1,2009,0,0,1,0
40,-0.102,0.019,-5.368421052631579,52.631578947368425,1,2009,0,0,1,0
40,-0.116,0.02,-5.8,50.0,1,2009,0,0,1,0
40,-0.091,0.012,-7.583333333333333,83.33333333333333,0,2009,0,0,1,0
40,-0.065,0.018,-3.6111111111111116,55.55555555555556,0,2009,0,0,1,0
40,-0.085,0.018,-4.722222222222223,55.55555555555556,0,2009,0,0,1,0
41,-0.593,0.07782152230971127,-7.620000000000001,12.84991568296796,1,2001,1,0,1,1
41,-0.351,0.04909090909090909,-7.15,20.37037037037037,0,2001,1,0,1,1
42,-0.4646,0.27118841933224375,-1.7132,3.6874730951356005,1,2003,0,0,0,0
42,-0.0919,0.2042222222222222,-0.45000000000000007,4.896626768226334,0,2003,0,0,0,0
43,-0.466,0.188,-2.4787234042553195,5.319148936170213,1,2003,0,0,0,0
44,-0.86,0.3909090909090909,-2.2,2.558139534883721,1,2005,0,1,0,1
45,-0.75,0.345,-2.173913043478261,2.8985507246376816,1,2007,0,0,1,0
46,-0.47,0.0878997568730129,-5.347,11.376595744680852,1,2008,0,0,0,0
