id,authors,time,firstn,study,title,pubn,impisi,impact,impwall,impweur,impwnon,infisi,infwall,infweur,infwnon,refrep,refrepwall,refrepweur,refrepwnon,refisi,refisiwall,refisiweur,refisiwnon,woman,usa,repec,topfive,latex,year,year2,rose,nitsch,baldwin,denardis,taglioni,tenreyro,journal,gamma,se,tstat,nobs,euro,shortrun,panel,countries,years,postwar
20,"Alesina, Barro, Tenreyro",2003,"Alberto, Robert, Silvana",Alesina et al. (2003),Optimal currency areas,NBER MA,0.0,0.03575,0.06121919,0.0,0.043377746,0.0,0.06067775,0.0,0.03993591,41,1.2418631,0.0,1.1568134,1,0.03310226,0.0,0.029033478,1,0,0,1,1,3,9,0,0,0,0,0,1,0,1.56,0.44,3.5454545,348295,0,0,1,217,37,1
25,"Micco, Stein, Ordonez",2003,"Alejandro, Ernesto, Guillermo",Micco et al. (2003),The currency union effect on trade: Early evidence from EMU,Economic Policy,1.281,1.281,2.1936164,3.8113859,0.0,1.868,1.6980679,4.1705155,0.0,22,0.6663656,0.83504564,0.0,5,0.16551128,0.27450982,0.0,0,0,0,0,0,3,9,0,0,0,0,0,0,1,0.089,0.025,3.56,2079,1,1,1,22,11,1
1,Rose,2000,Andrew,Rose (2000),"One money, one market: Estimating the effect of common currencies on trade",Economic Policy,1.281,1.281,2.1936164,0.0,1.5543187,1.868,1.6980679,0.0,1.1176072,92,1.8577465,0.0,1.7305176,94,2.074408,0.0,1.8194313,0,1,1,1,0,0,0,1,0,0,0,0,0,1,1.21,0.14,8.642858,22948,0,0,1,186,20,1
7,Rose,2001,Andrew,Rose (2001),Currency unions and trade: The effect is large,Economic Policy,1.281,1.281,2.1936164,0.0,1.5543187,1.868,1.6980679,0.0,1.1176072,26,0.5906422,0.0,0.5501917,10,0.24826694,0.0,0.21775109,0,1,1,1,0,1,1,1,0,0,0,0,0,1,0.74,0.05,14.8,219558,0,0,1,217,50,1
33,Rose,2004,Andrew,Rose (2004),Do we really know that the WTO increases trade?,American Economic Review,2.239,2.239,3.8341193,0.0,2.716721,4.747,4.315165,0.0,2.8400865,32,1.1631109,0.0,1.0834545,12,0.4766725,0.0,0.4180821,0,1,1,1,0,4,16,1,0,0,0,0,0,1,1.12,0.12,9.333333,234597,0,0,1,178,52,1
4,"Rose, van Wincoop",2001,"Andrew, Eric",Rose & van Wincoop (2001),National money as a barrier to international trade: The real case for monetary u,American Economic Review,2.239,2.239,3.8341193,0.0,2.716721,4.747,4.315165,0.0,2.8400865,6,0.13630205,0.0,0.12696733,23,0.5710139,0.0,0.5008275,0,1,1,1,0,1,1,1,0,0,0,0,0,1,0.91,0.18,5.0555553,20306,0,0,1,143,10,1
2,"Rose, Engel",2002,"Andrew, Charles",Rose & Engel (2002),Currency unions and international integration,"Journal of Money, Credit, and Banking",0.947,0.947,1.6216664,0.0,1.1490552,1.353,1.2299175,0.0,0.80948746,56,1.4538885,0.0,1.3543181,21,0.59584063,0.0,0.5226026,0,1,1,1,0,2,4,1,0,0,0,0,0,1,1.21,0.37,3.2702703,4618,0,0,1,160,1,1
19,"Estevadeordal, Frantz, Taylor",2003,"Antoni, Brian, Alan",Estevadeordal et al. (2003),"The Rise And Fall Of World Trade, 1870-1939",Quarterly Journal of Economics,3.688,3.688,6.315423,0.0,4.474885,11.241,10.218406,0.0,6.7253866,109,3.3015387,0.0,3.0754306,93,3.0785098,0.0,2.7001135,0,0,0,1,0,3,9,0,0,0,0,0,0,1,0.293,0.145,2.0206897,808,0,0,1,40,3,0
34,"Subramanian, Wei",2007,"Arvind, Shang-Jin",Subramanian & Wei (2007),"The WTO promotes trade, strongly but unevenly",Journal of International Economics,1.541,1.541,2.6388469,0.0,1.8697932,2.071,1.882601,0.0,1.2390603,90,8.178123,0.0,7.618039,63,6.2563267,0.0,5.487327,0,1,1,1,0,7,49,0,0,0,0,0,0,1,0.637,0.081,7.8641977,55831,0,0,1,178,52,1
24,Saiki,2002,Ayako,Saiki (2002),Common currency as an export promoting strategy,unpublished,0.0,0.017875,0.030609595,0.0,0.021688873,0.0,0.030338874,0.0,0.019967955,0,0.0,0.0,0.0,0,0.0,0.0,0.0,1,1,1,0,0,2,4,0,0,0,0,0,0,0,0.56,0.16,3.5,95053,0,0,1,217,50,1
40,Taglioni,2004,Daria,Taglioni (2004),"Monetary union, exchange rate variability and trade",unpublished,0.0,0.017875,0.030609595,0.14207156,0.0,0.0,0.030338874,0.11470034,0.0,0,0.0,0.0,0.0,0,0.0,0.0,0.0,1,0,1,0,0,4,16,0,0,0,0,1,0,0,0.53,0.06332139,8.37,34892,1,0,1,18,12,1
31,"Barr, Breedon, Miles",2003,"David, Francis, David",Barr et al. (2003),Life on the outside: Economic conditions and prospects outside euroland,Economic Policy,1.281,1.281,2.1936164,3.8113859,0.0,1.868,1.6980679,4.1705155,0.0,1,0.030289346,0.03795662,0.0,1,0.03310226,0.05490196,0.0,0,0,0,0,0,3,9,0,0,0,0,0,0,1,0.25,0.033,7.5757575,13192,1,1,1,17,25,1
53,Cabasson,2003,Denis,Cabasson (2003),Survey about Monetary Unions,unpublished,0.0,0.017875,0.030609595,0.14207156,0.0,0.0,0.030338874,0.11470034,0.0,0,0.0,0.0,0.0,0,0.0,0.0,0.0,0,0,0,0,0,3,9,0,0,0,0,0,0,0,0.63,0.24,2.625,75037,1,1,1,225,6,1
15,Levi Yeyati,2003,Eduardo,Levi Yeyati (2003),On the impact of a common currency on bilateral trade,Economics Letters,0.302,0.302,0.5171523,0.0,0.3664358,0.469,0.42633504,0.0,0.28059837,23,0.696655,0.0,0.6489441,1,0.03310226,0.0,0.029033478,0,0,1,1,0,3,9,0,0,0,0,0,0,1,0.5,0.25,2.0,22948,0,0,1,186,20,1
46,Cafiso,2008,Gianluca,Cafiso (2008),The euro's influence upon trade - Rose effect versus border effect,ECB WP,0.0,0.03575,0.06121919,0.28414312,0.0,0.0,0.06067775,0.22940068,0.0,0,0.0,0.0,0.0,0,0.0,0.0,0.0,0,0,0,0,0,8,64,0,0,0,0,0,0,0,0.163,0.015,10.866667,6069,1,1,1,24,11,1
36,Faruqee,2004,Hamid,Faruqee (2004),Measuring the Trade Effects of EMU,IMF WP,0.0,0.03575,0.06121919,0.28414312,0.0,0.0,0.06067775,0.22940068,0.0,16,0.5815554,0.7287671,0.0,0,0.0,0.0,0.0,0,1,1,0,0,4,16,0,0,0,0,0,0,0,0.082,0.018,4.5555553,2541,1,1,0,22,11,1
51,"Flam, Nordstrom",2006,"Harry, Hakan",Flam & Nordstrom (2006a),Euro Effects on the Intensive and Extensive Margins of Trade,CESifo WP,0.0,0.03575,0.06121919,0.28414312,0.0,0.0,0.06067775,0.22940068,0.0,2,0.121157385,0.15182649,0.0,0,0.0,0.0,0.0,0,0,0,0,0,6,36,0,0,0,0,0,0,0,0.232,0.024,9.666667,4161,1,1,0,20,4,1
30,"Flam, Nordstrom",2006,"Harry, Hakan",Flam & Nordstrom (2006b),Trade volume effects of the Euro: Aggregate and sector estimates,unpublished,0.0,0.017875,0.030609595,0.14207156,0.0,0.0,0.030338874,0.11470034,0.0,1,0.060578693,0.07591324,0.0,0,0.0,0.0,0.0,0,0,0,0,0,6,36,0,0,0,0,0,0,0,0.139,0.02,6.95,4732,1,1,1,20,14,1
35,"Berger, Nitsch",2008,"Helge, Volker",Berger & Nitsch (2008),Zooming out: The trade effect of the euro in historical perspective,Journal of International Money and Finance,0.709,0.709,1.2141093,2.1095023,0.0,0.755,0.6863176,1.6856205,0.0,18,3.2712493,4.099315,0.0,0,0.0,0.0,0.0,0,0,1,0,0,8,64,0,1,0,0,0,0,1,-0.001,0.036,-0.027777778,12157,1,0,1,22,56,1
49,"Tsangarides, Ewenczyk, Hulej",2006,"Charalambos, Pierre, Michal",Tsangarides et al. (2006),Stylized Facts on Bilateral Trade and Currency Unions: Implications for Africa,IMF WP,0.0,0.03575,0.06121919,0.0,0.043377746,0.0,0.06067775,0.0,0.03993591,0,0.0,0.0,0.0,0,0.0,0.0,0.0,0,0,0,0,0,6,36,0,0,0,0,0,0,0,0.54,0.04038893,13.37,265262,0,0,1,217,55,1
45,"Baldwin, di Nino, Fontagé, de Santis, Taglioni",2008,"Charles, Virginia, Lionel, Roberto, Daria",Baldwin et al. (2008),Study on the Impact of the Euro on Trade and Foreign Direct Investment,EC WP,0.0,0.03575,0.06121919,0.28414312,0.0,0.0,0.06067775,0.22940068,0.0,0,0.0,0.0,0.0,0,0.0,0.0,0.0,1,0,0,1,0,8,64,0,0,1,0,1,0,0,0.02,0.0076923077,2.6,1785,1,1,1,15,17,1
21,Smith,2002,Christie,Smith (2002),Currency unions and gravity models revisited,unpublished,0.0,0.017875,0.030609595,0.0,0.021688873,0.0,0.030338874,0.0,0.019967955,2,0.051924594,0.0,0.048368502,0,0.0,0.0,0.0,0,0,1,0,0,2,4,0,0,0,0,0,0,0,0.38,0.1,3.8,22948,0,0,1,186,20,1
57,"Adam, Cobham",2007,"Christopher, David",Adam & Cobham (2007),Exchange rate regimes and trade,The Manchester School,0.153,0.153,0.262001,0.0,0.18564463,0.307,0.2790722,0.0,0.18367527,7,0.6360763,0.0,0.59251416,4,0.39722708,0.0,0.34840173,0,0,1,0,0,7,49,0,0,0,0,0,0,1,0.875,0.054653343,16.01,156951,0,0,1,175,25,1
12,Melitz,2001,Jacques,Melitz (2001),"Geography, trade, and currency unions",CEPR DP,0.0,0.03575,0.06121919,0.0,0.043377746,0.0,0.06067775,0.0,0.03993591,11,0.24988711,0.0,0.23277342,0,0.0,0.0,0.0,0,0,1,1,0,1,1,0,0,0,0,0,0,0,0.7,0.23,3.0434783,31010,0,0,1,186,20,1
23,Melitz,2008,Jacques,Melitz (2008),Language and foreign trade,European Economic Review,0.994,0.994,1.7021503,0.0,1.2060834,1.702,1.547169,0.0,1.0182909,5,0.9086804,0.0,0.84644884,0,0.0,0.0,0.0,0,0,1,1,0,8,64,0,0,0,0,0,0,1,1.38,0.16,8.625,31010,0,0,1,186,25,1
47,Frankel,2008,Jeffrey,Frankel (2008a),The Estimated Effects of the Euro on Trade: Why Are They Below Historical Effect,NBER WP,0.0,0.03575,0.06121919,0.28414312,0.0,0.0,0.06067775,0.22940068,0.0,0,0.0,0.0,0.0,0,0.0,0.0,0.0,0,1,1,1,0,8,64,0,0,0,0,0,0,0,0.097,0.014,6.928571,5130,1,0,1,22,59,1
3,"Frankel, Rose",2002,"Jeffrey, Andrew",Frankel & Rose (2002),An estimate of the effect of currency unions on trade and income,Quarterly Journal of Economics,3.688,3.688,6.315423,0.0,4.474885,11.241,10.218406,0.0,6.7253866,26,0.6750197,0.0,0.62879056,4,0.11349345,0.0,0.099543355,0,1,1,1,0,2,4,1,0,0,0,0,0,1,1.36,0.18,7.5555553,31226,0,0,1,186,25,1
39,"Brouwer, Paap, Viaene",2008,"Jelle, Richard, Jean-Marie",Brouwer et al. (2008),The trade and FDI effects of EMU enlargement,Journal of International Money and Finance,0.709,0.709,1.2141093,2.1095023,0.0,0.755,0.6863176,1.6856205,0.0,1,0.18173607,0.22773972,0.0,1,0.19861354,0.32941177,0.0,0,0,0,0,0,8,64,0,0,0,0,0,0,1,0.012,0.025,0.48,4152,1,1,0,29,17,1
13,"Lopez-Cordova, Meissner",2003,"Jose, Chris",Lopez-Cordova & Meissner (2003),Exchange rate regimes and international trade: Evidence from the classical gold ,American Economic Review,2.239,2.239,3.8341193,0.0,2.716721,4.747,4.315165,0.0,2.8400865,67,2.029386,0.0,1.8904023,87,2.8798964,0.0,2.5259125,0,1,1,0,1,3,9,0,0,0,0,0,0,1,0.716,0.186,3.8494623,1140,0,0,1,28,40,0
29,"de Sousa, Lochard",2003,"Jose, Julie",de Sousa & Lochard (2003),Do currency unions solve the border effect puzzle?,unpublished,0.0,0.017875,0.030609595,0.0,0.021688873,0.0,0.030338874,0.0,0.019967955,1,0.030289346,0.0,0.028214961,0,0.0,0.0,0.0,1,0,1,0,1,3,9,0,0,0,0,0,0,0,1.21,0.12,10.083333,4412,0,1,1,25,20,1
48,"de Sousa, Lochard",2007,"Jose, Julie",de Sousa & Lochard (2007),The currency union effect on trade and the foreign direct investment channel,unpublished,0.0,0.017875,0.030609595,0.14207156,0.0,0.0,0.030338874,0.11470034,0.0,3,0.2726041,0.3416096,0.0,0,0.0,0.0,0.0,1,0,1,0,1,7,49,0,0,0,0,0,0,0,0.15,0.04,3.75,5902,1,1,1,22,13,1
52,Shirono,2008,Kazuko,Shirono (2008),Real effects of common currencies in East Asia,Journal of Asian Economics,0.0,0.0715,0.12243838,0.0,0.08675549,0.0,0.1213555,0.0,0.07987182,0,0.0,0.0,0.0,0,0.0,0.0,0.0,1,0,0,0,0,7,49,0,0,0,0,0,0,1,0.91,0.18,5.0555553,10553,0,1,1,137,11,1
43,Aristotelous,2006,Kyriacos,Aristotelous (2006),Are There Differences Across Countries Regarding the Effect of Currency Unions o,Journal of Common Market Studies,0.653,0.653,1.1182134,1.9428844,0.0,0.68,0.61814034,1.5181749,0.0,0,0.0,0.0,0.0,0,0.0,0.0,0.0,0,1,0,0,0,6,36,0,0,0,0,0,0,1,0.055,0.008,6.875,2508,1,1,1,20,12,1
42,"Shin, Serlenga",2007,"Laura, Yongcheol",Shin & Serlenga (2007),Gravity models of intra-EU trade: Application of the CCEP-HT estimation in heter,Journal of Applied Econometrics,1.094,1.094,1.8733928,3.2550008,0.0,1.926,1.7507917,4.300007,0.0,69,6.2698946,7.8570204,0.0,27,2.6812828,4.4470587,0.0,1,0,0,0,1,7,49,0,0,0,0,0,0,1,-0.0003,0.004,-0.075,3822,1,0,1,14,42,1
28,de Souza,2002,Lucio,de Souza (2002),"Trade effects of monetary integration in large, mature economies: A primer on th",unpublished,0.0,0.017875,0.030609595,0.14207156,0.0,0.0,0.030338874,0.11470034,0.0,3,0.07788689,0.09760274,0.0,0,0.0,0.0,0.0,0,0,1,0,0,2,4,0,0,0,0,0,0,0,0.17,0.24,0.7083333,59554,1,1,1,198,22,1
17,"Flandreau, Maurel",2005,"Marc, Mathilde",Flandreau & Maurel (2005),"Monetary union, trade integration, and business cycles in 19th century Europe",Open Economies Review,0.143,0.143,0.24487676,0.0,0.17351098,0.267,0.242711,0.0,0.15974364,1,0.045434017,0.0,0.042322442,0,0.0,0.0,0.0,1,0,1,0,0,5,25,0,0,0,0,0,0,1,1.16,0.07,16.571428,3558,0,0,1,16,33,0
58,"Baxter, Kouparitsas",2006,"Marianne, Michael",Baxter & Kouparitsas (2006),What determines bilateral trade flows?,NBER WP,0.0,0.03575,0.06121919,0.0,0.043377746,0.0,0.06067775,0.0,0.03993591,4,0.24231477,0.0,0.22571969,0,0.0,0.0,0.0,1,0,1,0,1,6,36,0,0,0,0,0,0,0,0.47,0.22,2.1363637,10947,0,0,1,92,26,1
27,"Bun, Klaassen",2002,"Maurice, Franc",Bun & Klaasen (2002),Has the Euro increased trade?,unpublished,0.0,0.017875,0.030609595,0.14207156,0.0,0.0,0.030338874,0.11470034,0.0,22,0.5711705,0.71575344,0.0,0,0.0,0.0,0.0,0,0,1,0,1,2,4,0,0,0,0,0,0,0,0.33,0.1,3.3,10064,1,1,0,17,37,1
50,"Bun, Klaassen",2007,"Maurice, Franc",Bun & Klaasen (2007),The Euro Effect on Trade is not as Large as Commonly Thought,Oxford Bulletin of Economics and Statistics,0.732,0.732,1.253495,2.177935,0.0,0.881,0.8008554,1.9669294,0.0,0,0.0,0.0,0.0,0,0.0,0.0,0.0,0,0,1,0,1,7,49,0,0,0,0,0,0,1,0.032,0.014,2.2857144,6156,1,0,1,19,36,1
18,Klein,2005,Michael,Klein (2005),Dollarization and trade,Journal of International Money and Finance,0.709,0.709,1.2141093,0.0,0.86027473,0.755,0.6863176,0.0,0.45170954,13,0.5906422,0.0,0.5501917,1,0.049653385,0.0,0.043550216,0,1,1,1,0,5,25,0,0,0,0,0,0,1,0.5,0.27,1.8518518,3441,0,0,0,186,25,1
10,"Pakko, Wall",2001,"Michael, Howard",Pakko & Wall (2001),Reconsidering the trade-creating effects of a currency union,FRB St. Louis Review,0.536,0.536,0.91785973,0.0,0.65036285,0.0,0.1213555,0.0,0.07987182,14,0.31803814,0.0,0.29625708,1,0.024826692,0.0,0.021775108,0,1,1,0,0,1,1,0,0,0,0,0,0,1,-0.378,0.529,-0.71455574,21758,0,0,0,186,20,1
44,Chintrakarn,2008,Pandej,Chintrakarn (2008),Estimating the Euro Effects on Trade with Propensity Score Matching,Review of International Economics,0.0,0.0715,0.12243838,0.56828624,0.0,0.0,0.1213555,0.45880136,0.0,0,0.0,0.0,0.0,0,0.0,0.0,0.0,0,0,0,0,0,8,64,0,0,0,0,0,0,1,0.1,0.02,5.0,924,1,1,1,22,9,1
8,Honohan,2001,Patrick,Honohan (2001),"Discussion of ""Currency unions and trade: The effect is large""",Economic Policy,1.281,1.281,2.1936164,0.0,1.5543187,1.868,1.6980679,0.0,1.1176072,0,0.0,0.0,0.0,0,0.0,0.0,0.0,0,0,1,1,0,1,1,0,0,0,0,0,0,1,0.921,0.4,2.3025,190,0,0,1,20,1,1
26,Kenen,2002,Peter,Kenen (2002),Currency unions and trade: Variations on themes by Rose and Persson,unpublished,0.0,0.017875,0.030609595,0.0,0.021688873,0.0,0.030338874,0.0,0.019967955,5,0.12981148,0.0,0.12092126,0,0.0,0.0,0.0,0,1,1,0,0,2,4,0,0,0,0,0,0,0,1.2219,0.305,4.0062294,2500,0,0,1,186,1,1
55,"Clark, Tamirisa, Wei, Sadikov, Zeng",2004,"Peter, Natalia, Shang-Jin, Azim, Li",Sadikov et al. (2004),A New Look at Exchange Rate Volatility and Trade Flows,IMF OP,0.0,0.03575,0.06121919,0.28414312,0.0,0.0,0.06067775,0.22940068,0.0,0,0.0,0.0,0.0,0,0.0,0.0,0.0,1,1,0,1,0,4,16,0,0,0,0,0,0,0,0.22,0.38,0.57894737,16085,1,0,1,178,25,1
5,"Glick, Rose",2002,"Reuven, Andrew",Glick & Rose (2002),Does a currency union affect trade? The time-series evidence,European Economic Review,0.994,0.994,1.7021503,0.0,1.2060834,1.702,1.547169,0.0,1.0182909,4,0.10384919,0.0,0.096737005,61,1.7307751,0.0,1.5180361,0,1,1,1,0,2,4,1,0,0,0,0,0,1,0.65,0.05,13.0,219558,0,0,1,217,50,1
54,"Baldwin, Taglioni",2004,"Richard, Daria",Baldwin & Taglioni (2004),Positive OCA criteria: Microfoundations for the Rose effect,unpublished,0.0,0.017875,0.030609595,0.14207156,0.0,0.0,0.030338874,0.11470034,0.0,0,0.0,0.0,0.0,0,0.0,0.0,0.0,1,0,1,1,0,4,16,0,0,1,0,1,0,0,0.034,0.015315316,2.22,2520,1,1,0,22,11,1
59,"Baldwin, Taglioni",2006,"Richard, Daria",Baldwin & Taglioni (2006),Gravity for dummies and dummies for gravity equations,NBER WP,0.0,0.03575,0.06121919,0.28414312,0.0,0.0,0.06067775,0.22940068,0.0,30,1.8173608,2.2773972,0.0,0,0.0,0.0,0.0,1,0,1,1,0,6,36,0,0,1,0,1,0,0,-0.02,0.03,-0.6666667,10788,1,0,0,23,25,1
60,"Baldwin, di Nino",2006,"Richard, Virginia",Baldwin & di Nino (2006),Euros and Zeros: The Common Currency Effect on Trade in New Goods,NBER WP,0.0,0.03575,0.06121919,0.28414312,0.0,0.0,0.06067775,0.22940068,0.0,4,0.24231477,0.30365297,0.0,0,0.0,0.0,0.0,1,0,0,1,0,6,36,0,0,1,0,0,0,0,0.035,0.01,3.5,16000000,1,1,1,20,10,1
61,"Barro, Tenreyro",2007,"Robert, Silvana",Barro & Tenreyro (2007),Economic Effects of Currency Unions,Economic Inquiry,0.535,0.535,0.91614735,0.0,0.6491495,0.959,0.8717597,0.0,0.57376087,3,0.2726041,0.0,0.25393465,7,0.6951474,0.0,0.60970306,1,0,0,1,1,7,49,0,0,0,0,0,1,1,1.899,0.351,5.4102564,158237,0,0,1,217,38,1
11,"Thom, Walsh",2002,"Rodney, Brendan",Thom & Walsh (2002),The effect of a currency union on trade: Lessons from the Irish experience,European Economic Review,0.994,0.994,1.7021503,2.9574687,0.0,1.702,1.547169,3.7999024,0.0,6,0.15577377,0.19520548,0.0,12,0.34048036,0.5647059,0.0,0,0,0,0,0,2,4,0,0,0,0,0,0,1,0.098,0.196,0.5,817,1,0,0,20,42,1
41,"de Nardis, Vicarelli",2003,"Sergio, Claudio",de Nardis & Vicarelli (2003),The impact of euro on trade: The (early) effect is not so large,unpublished,0.0,0.017875,0.030609595,0.14207156,0.0,0.0,0.030338874,0.11470034,0.0,5,0.15144673,0.18978311,0.0,0,0.0,0.0,0.0,0,0,1,0,0,3,9,0,0,0,1,0,0,0,0.061,0.02697,2.2617724,6930,1,1,0,30,21,1
32,"de Nardis, Vicarelli",2004,"Sergio, Claudio",de Nardis & Vicarelli (2004),Currency unions and trade: The special case of EMU,Review of World Economics,0.382,0.382,0.6541463,1.1365725,0.0,0.411,0.3736113,0.9176027,0.0,9,0.32712492,0.4099315,0.0,5,0.19861354,0.32941177,0.0,0,0,1,0,0,4,16,0,0,0,1,0,0,1,0.093,0.039,2.3846154,6600,1,1,0,30,20,1
38,"de Nardis, de Santis, Vicarelli",2008,"Sergio, Roberta, Claudio",de Nardis et al. (2008),The Single Currencys Effects on Eurozone Sectoral Trade: Winners and Losers?,Economics,0.0,0.0715,0.12243838,0.56828624,0.0,0.0,0.1213555,0.45880136,0.0,2,0.36347213,0.45547944,0.0,0,0.0,0.0,0.0,1,0,1,0,0,8,64,0,0,0,1,0,0,1,0.04,0.0127795525,3.13,3771,1,1,0,23,17,1
14,Tenreyro,2001,Silvana,Tenreyro (2001),On the causes and consequences of currency unions,unpublished,0.0,0.017875,0.030609595,0.0,0.021688873,0.0,0.030338874,0.0,0.019967955,0,0.0,0.0,0.0,0,0.0,0.0,0.0,1,0,0,0,1,1,1,0,0,0,0,0,1,0,0.471,0.316,1.4905063,23814,0,0,1,205,20,1
56,"Yamarik, Ghosh",2005,"Steven, Sucharita",Yamarik & Ghosh (2005),A sensitivity analysis of the gravity model,The International Trade Journal,0.0,0.0715,0.12243838,0.0,0.08675549,0.0,0.1213555,0.0,0.07987182,0,0.0,0.0,0.0,0,0.0,0.0,0.0,1,1,0,0,0,5,25,0,0,0,0,0,0,1,1.8285,0.30475,6.0,14522,0,0,1,186,25,1
37,"Gomes, Grahama, Helliwell, Kano, Murray, Schembri",2006,"Tamara, Chris, John, Takashi, John, Lawrence",Gomes et al. (2006),The Euro and Trade: Is there a Positive Effect?,unpublished,0.0,0.017875,0.030609595,0.14207156,0.0,0.0,0.030338874,0.11470034,0.0,0,0.0,0.0,0.0,0,0.0,0.0,0.0,1,0,0,0,0,6,36,0,0,0,0,0,0,0,0.069,0.011,6.2727275,3234,1,1,0,22,26,1
6,Persson,2001,Torsten,Persson (2001),Currency unions and trade: How large is the treatment effect?,Economic Policy,1.281,1.281,2.1936164,0.0,1.5543187,1.868,1.6980679,0.0,1.1176072,60,1.3630205,0.0,1.2696732,5,0.12413347,0.0,0.10887554,0,0,1,1,0,1,1,0,0,0,0,0,0,1,0.506,0.257,1.9688716,433,0,0,1,118,20,1
9,Nitsch,2002,Volker,Nitsch (2002b),"Honey, I shrunk the currency union effect on trade",World Economy,0.715,0.715,1.2243838,0.0,0.86755496,0.476,0.43269825,0.0,0.2847864,22,0.5711705,0.0,0.53205353,0,0.0,0.0,0.0,0,0,1,0,0,2,4,0,1,0,0,0,0,1,0.82,0.27,3.0370371,6326,0,0,1,186,1,1
16,Nitsch,2002,Volker,Nitsch (2002a),Comparing apples and oranges: the trade effect of multilateral currency unions i,unpublished,0.0,0.017875,0.030609595,0.0,0.021688873,0.0,0.030338874,0.0,0.019967955,0,0.0,0.0,0.0,0,0.0,0.0,0.0,0,0,1,0,0,2,4,0,1,0,0,0,0,0,0.62,0.17,3.6470587,1070,0,0,0,23,25,1
22,Bomberger,2002,William,Bomberger (2002),Decolonization and estimates of the time series effect of currency unions,unpublished,0.0,0.017875,0.030609595,0.0,0.021688873,0.0,0.030338874,0.0,0.019967955,0,0.0,0.0,0.0,0,0.0,0.0,0.0,0,1,0,0,0,2,4,0,0,0,0,0,0,0,0.08,0.05,1.6,219558,0,0,1,217,20,1
